manufacturer,erp_name,mapped_name
BMW,520D M SOPRT,520D
BMW,X5,X5
BMW,320D,320D
BMW,520D,520D
BMW,320D MODERN,320D
BMW,520D SPORTS PACKAGE,520D
BMW,520I,520I
BMW,523IAE60,523I
BMW,I3,I3
BMW,520IA,520I
BMW,730D SE AUTO,730D
BMW,X1D,X1
BMW,X5 X DRIVE 40E M SPORT AUTO,X5
BMW,740LE,740LE
BMW,520D M-SPORT,520D
BMW,I8,I8
BMW,740LI,740LI
BMW,X1,X1
BMW,X2,X2
BMW,X5 XDRIVE40E M SPORT,X5
BMW,ZAA-1Z00 I3,I3
BMW,X5 40E PLUG IN HYBRID,X5
BMW,X5 M-SPORT E DRIVE,X5
BMW,X1 SDRIVE 18I,X1
BMW,X5 40E,X5
BMW,530E M SPORT,530E
BMW,318I,318I
BMW,X1 ABA-JG15,X1
BMW,X5 X DRIVE 40E,X5
BMW,X3,X3
BMW,X DRIVE 320D M SPORT,320D
BMW,740LE M SPORT,740LE
BMW,DLA-7D20 740E,740E
BMW,18 i-S DRIVE (X2),X2
BMW,DBA YH15 X2,X2
BMW,I3 TERRA WORLD PACKAGE,I3
BMW,X1-PETROL,X1
BMW,320I,320I
BMW,X5 PLUG IN HYBRID,X5
BMW,530E SALOON,530E
BMW,740LE X DRIVE,740LE
BMW,523I,523I
BMW,X1 SDRIVE 181M SPORT AUTO,X1
BMW,520D M SPORT AUTO,520D
BMW,DBA-HS15X1,X1
BMW,X3D,X3
BMW,X1 S DRIVE18I,X1
BMW,530E M SPORT  AUTO,530E
BMW,X1 S DRIVE 181M SPORT,X1
BMW,X3 D,X3
BMW,X1 SDRIVE 181M,X1
BMW,730D,730D
BMW,X1 SDRIVE,X1
BMW,523I M SPORT AUTO,523I
BMW,X1 M SPORT,X1
BMW,X5 40EM SPORT,X5
BMW,740LE M SPORT AUTO,740LE
BMW,523I A,523I
BYD,ATTO 3 EXTENDED,ATTO 3 EXTENDED
BYD,ATTO 3 STANDARD,ATTO 3 STANDARD
BYD,ATTO 3 ADVANCED,ATTO 3 ADVANCED
BYD,ATTO 3 SUPERIOR,ATTO 3 SUPERIOR
BYD,SEALION 6 SUPERIOR,SEALION 6 SUPERIOR
BYD,SEALION 6 PREMIUM,SEALION 6 PREMIUM
BYD,DOLPHIN STD,DOLPHIN STD
BYD,DOLPHIN DYNAMIC 49,DOLPHIN DYNAMIC 49
BYD,DOLPHIN DYNAMIC 70,DOLPHIN DYNAMIC 70
BYD,DOLPHIN PREMIUM 99,DOLPHIN PREMIUM 99
BYD,DOLPHIN PREMIUM 150,DOLPHIN PREMIUM 150
BYD,M6 STANDARD CAPTAIN,M6 STANDARD CAPTAIN
BYD,M6 STANDARD,M6 STANDARD
BYD,M6 SUPERIOR CAPTAIN,M6 SUPERIOR CAPTAIN
BYD,M6 SUPERIOR,M6 SUPERIOR
BYD,SEAL DYNAMIC,SEAL DYNAMIC
BYD,SEAL PREMIUM,SEAL PREMIUM
BYD,SEAL PERFORMANCE,SEAL PERFORMANCE
BYD,SHARK PREMIUM,SHARK PREMIUM
BYD,SHARK,SHARK
DAIHATSU,MOVE,MOVE
DAIHATSU,TERIOS,TERIOS
DAIHATSU,CHARADE,CHARADE
DAIHATSU,MIRA,MIRA
DAIHATSU,MIRA E.S,MIRA
DAIHATSU,FC11-TERIOS,TERIOS
DAIHATSU,BOON XLS,BOON
DAIHATSU,DBA-LA600S TANTO,TANTO
DAIHATSU,COPEN ROBE,COPEN
DAIHATSU,MOVE CONTE,MOVE
DAIHATSU,TANTO,TANTO
DAIHATSU,DBA-LA350S  MIRA,MIRA
DAIHATSU,COPEN,COPEN
DAIHATSU,DBA-LA300S-MIRA E.S,MIRA
DAIHATSU,DBA-LA350S  MIRA ES,MIRA
DAIHATSU,DBA-LA150S/MOVE,MOVE
DAIHATSU,DBA-LA300S MIRA,MIRA
DAIHATSU,DBA-M300S BOON,BOON
DAIHATSU,CHARADE-G100RS,CHARADE
DAIHATSU,TERIOS PREMIUM,TERIOS
DAIHATSU,DBA-M700S BOON,BOON
HONDA,CITY,CITY
HONDA,CIVIC,CIVIC
HONDA,GRAND CIVIC,CIVIC
HONDA,CIVIC EK3,CIVIC
HONDA,HONDA CRV,CRV
HONDA,HONDA HRV,HRV
HONDA,CIVIC HYBRID,CIVIC
HONDA,INSIGHT HYBRID,INSIGHT
HONDA,HONDA ACTY,ACTY
HONDA,UA-ESI-CIVIC,CIVIC
HONDA,ACTY LORRY,ACTY
HONDA,INSIGHT,INSIGHT
HONDA,LA-GD8,FIT
HONDA,E-EG8,CIVIC
HONDA,GD-HA6,ACTY
HONDA,DBA-GD8,FIT
HONDA,CIVIC EXI,CIVIC
HONDA,DAA-ZE2,INSIGHT
HONDA,FD3,CIVIC
HONDA,CITY VTEC 4M,CITY
HONDA,DAA-GP1,FIT
HONDA,EG8 CIVIC,CIVIC
HONDA,GD-HH5,ACTY
HONDA,DBA-GD1 FIT,FIT
HONDA,DBA-FD1 CIVIC,CIVIC
HONDA,FIT HYBRID,FIT
HONDA,DAA-GP2 (FIT SHUTTLE),SHUTTLE
HONDA,FIT HYBRID (GP1),FIT
HONDA,GH-CF3-ACCORD,ACCORD
HONDA,FIT DBA-GE6,FIT
HONDA,DAA-GP3,FIT
HONDA,LA-GD1,FIT
HONDA,GBD-HH6,ACTY
HONDA,DAA-GP1 FIT,FIT
HONDA,V-HH4,ACTY
HONDA,DAA-GP4,FIT
HONDA,GBD-HH5,ACTY
HONDA,FREED,FREED
HONDA,DAA ZF1 -CRZ,CRZ
HONDA,DBA-GD6 FIT ARIA,FIT ARIA
HONDA,CITY VTEC 4A,CITY
HONDA,FIT ( SHUTTLE ),SHUTTLE
HONDA,DBA-GD9,FIT
HONDA,CIVIC EG7,CIVIC
HONDA,DAA-GP2,FIT
HONDA,CRX,CIVIC
HONDA,ACCORD EXI,ACCORD
HONDA,DAA-GP3-SPIKE,FREED
HONDA,FIT RS-HYBRID,FIT
HONDA,DAA-ZF2,CRZ
HONDA,DAA-GP5,FIT
HONDA,VEZEL RU3 Z,VEZEL
HONDA,DAA-ZE3,INSIGHT
HONDA,GF-EK2,CIVIC
HONDA,CITY 4M,CITY
HONDA,GF-GH3,HRV
HONDA,DAA-RU4 VEZEL,VEZEL
HONDA,DAA-ZE2-INSIGHT,INSIGHT
HONDA,DAA-GP5 - FIT S HYBRID,FIT
HONDA,V-HH3,ACTY
HONDA,VEZEL HYBRID X GRADE,VEZEL
HONDA,DAA-RU3,VEZEL
HONDA,DAA GP5 FIT - F,FIT
HONDA,CIVIC FERIO ES1,CIVIC
HONDA,DAA-GP5 FIT-L-PKG-HYBRID,FIT
HONDA,RU3,VEZEL
HONDA,VEZEL,VEZEL
HONDA,DAA-GP1 FIT SELECTION,FIT
HONDA,ARIA GD6,FIT
HONDA,DAA-GMA GRACE,GRACE
HONDA,LA-GD6,FIT
HONDA,GRACE,GRACE
HONDA,DAA-GM4,GRACE
HONDA,DAA-FD3,CIVIC
HONDA,V-HA3,ACTY
HONDA,DAA-GM4 GRACE,GRACE
HONDA,DAA GP5 - FIT,FIT
HONDA,GRACE EX,GRACE
HONDA,CRV RD2,CRV
HONDA,UE-HA6 ACTY,ACTY
HONDA,CIVIC VTI 4A,CIVIC
HONDA,FIT GP5,FIT
HONDA,FIT L GRADE,FIT
HONDA,DAA-GP7,SHUTTLE
HONDA,UE-HA7,ACTY
HONDA,E-CB1,ACCORD
HONDA,CUVUC-1300,CIVIC
HONDA,ODYSSEY AUTO,CIVIC
HONDA,DAA-GM3-GRACE,GRACE
HONDA,EF2,CIVIC
HONDA,AIRWAVE,AIRWAVE
HONDA,CIVIC AK,CIVIC
HONDA,CIVIC EX1,CIVIC
HONDA,EGA1 CITY,CITY
HONDA,DAA-CR6,ACCORD
HONDA,GD-HA7,ACTY
HONDA,VEZEL Z NAVI SP,VEZEL
HONDA,DAA-GP5 FIT L,FIT
HONDA,DAA-RU3 VEZEL RS,VEZEL
HONDA,VEZEL RS SENSING,VEZEL
HONDA,CITY AA,CITY
HONDA,EBD-HH5 ACTY,ACTY
HONDA,CRV-GF-RD1,CRV
HONDA,CRV AUTO,CRV
HONDA,VEZEL RS,VEZEL
HONDA,CIVIC FERIO,CIVIC
HONDA,CRV JEEP,CRV
HONDA,E-EF2,CIVIC
HONDA,GD-HH6,ACTY
HONDA,DBA-RE3,CRV
HONDA,BR-V,CRV
HONDA,DAA-ZF1,CRZ
HONDA,CIVIC SR VTEC CVT,CIVIC
HONDA,DBA-JF1,N BOX
HONDA,CIVIC EX VTEC CVT,CIVIC
HONDA,LA-RD5 JEEP,CRV
HONDA,DBA-JH N WGN,N WGN
HONDA,DBA-JF3 N BOX,N BOX
HONDA,FIT,FIT
HONDA,GF-EK3,CIVIC
HONDA,CIVIC SE TURBO,CIVIC
HONDA,CIVIC EX TURBO VTEC CVT,CIVIC
HONDA,STATION WAGON,N WGN
HONDA,N BOX,N BOX
HONDA,CIVIC EX TECH,CIVIC
HONDA,CRV VTI-L,CRV
HONDA,UA-ES1,CIVIC
HONDA,GF-RD2,CRV
HONDA,DBA-JH1,N WGN
HONDA,DBA-JH1,N WGN
HONDA,N-BOX CUSTOM,N BOX
HONDA,CIVIC 1L,CIVIC
HONDA,GBD-HH5-ACTY,ACTY
HONDA,CITY GXI,CITY
HONDA,CIVIC EX,CIVIC
HONDA,INSIGHT SE CVT,INSIGHT
HONDA,CIVIC SR,CIVIC
HONDA,ACTY GDHH5,ACTY
HONDA,N BOX CUSTOM,N BOX
HONDA,FIT HYBRID DAA-GP 5,FIT
HONDA,DBA-JW5,S660
HONDA,INSIGHT OUT,INSIGHT
HONDA,JF1 N-BOX,N BOX
HONDA,FIT DAA-GP5,FIT
HONDA,N-WGN DBA-J111,N WGN
HONDA,CIVIC SE VTEC CVT,CIVIC
HONDA,N-WGN DBA-JH1,N WGN
HONDA,CIVIC SE,CIVIC
HONDA,N WAGON,N WGN
HONDA,DBA-JH2,N WGN
HONDA,CIVIC 1L TURBO EX,CIVIC
HONDA,CR-V,CRV
HONDA,DBA-JF1-N BOX,N BOX
HONDA,DAA-RUS VEZEL,VEZEL
HONDA,DBA-JF3,N BOX
HONDA,N-WGN G STY,N WGN
HONDA,NWGN CUSTOM,N WGN
HONDA,DAA-FR4 JADE,HRV
HONDA,DAA-GP32 FREED,FREED
HONDA,CIVIC-VJ,CIVIC
HONDA,CIVIC ES IMA HYBRID,CIVIC
HONDA,UE-HA6,ACTY
HONDA,DAA-GP7-SHUTTLE,SHUTTLE
HONDA,DBA-JF2,N BOX
HONDA,DAA-GP3 FREED,FREED
HONDA,E-EF2-CLOSED,CIVIC
HONDA,VEZEL HYBRID Z,VEZEL
HONDA,FIT AERIA DBA-GD8,FIT
HONDA,CR-VTI-L,CRV
HONDA,SHHFK,CIVIC
HONDA,CR-Z DAA-ZFI,CRZ
HONDA,CITY VEEC,CITY
HONDA,CITY VITEC,CITY
HONDA,CITY ABS4A,CITY
HONDA,FIT GP5 HYBRID EFI,FIT
HONDA,ACTY H/BODY TRUCK,ACTY
HONDA,ACTY,ACTY
HONDA,DBA-GD1,FIT
HONDA,HRV,HRV
HONDA,DBA-RM1 CRV,CRV
HONDA,CIVIC 1.6A,CIVIC
HONDA,CIVIC ES IMA,CIVIC
HONDA,DAA-GP2 FIT,FIT
HONDA,DBA-GE6,FIT
HONDA,DBA-GJ1,AIRWAVE
HONDA,DBA-JF1 N-BOX CUSTOM,N BOX
HONDA,DAA-ZE3 INSIGHT,INSIGHT
HONDA,DAA-GPS FREED,FREED
HONDA,CR-V VTEC TURBO,CRV
HONDA,CIVIC ED352KP,CIVIC
HONDA,CIVIC 1.6,CIVIC
HONDA,DAA-GP2 FIT HYBRID,FIT
HONDA,E-EG8 CIVIC,CIVIC
HONDA,DBA-RM4,CRV
HONDA,FIT ARIA/LA-GD8,FIT ARIA
HONDA,DBA-JF1 N-BOX SLASH,N BOX
HONDA,DBA-GD8 FIT ARIA,FIT ARIA
HONDA,INSIGHT ES-T CVT,INSIGHT
HONDA,DAA-RU3 VEZEL RS HYBRID,VEZEL
HONDA,CIVIC VTEC EX 1.0,CIVIC
HONDA,DAA-GB7,FREED
HONDA,CIVIC GF-EK9,CIVIC
HONDA,GRACE-DA-GM4,GRACE
HONDA,FIT ARIA,FIT ARIA
HONDA,CIVIC EXI 4A,CIVIC
HONDA,ZE2,INSIGHT
HONDA,DAA-RU VEZEL,VEZEL
HONDA,DAA-GP4 FIT,FIT
HONDA,DAA-GP3 HYBRID FREED,FREED
HONDA,CITY 1.5L CVT,CITY
HONDA,DBA-RW2 CRV,CRV
HONDA,CR-V RVS1-2,CRV
HONDA,GBD- HA6,ACTY
HONDA,DAA-FD3 CIVIC,CIVIC
HONDA,CR-V(DBA-RW2),CRV
HONDA,CIVIC SR VTEC,CIVIC
HONDA,DAA-GP1 FIT HYBRID,FIT
HONDA,FIT DAA-GP4,FIT
HONDA,CR-V VTE,CRV
HONDA,DBA-RW2 CRV EX-MASTERPIECE,CRV
HONDA,EBD-HH5,ACTY
HONDA,CIVIC ES,CIVIC
HONDA,DBA-GJ1 AIRWAVE,AIRWAVE
HONDA,DBA-JH1 N WGN CUSTOM,N WGN
HONDA,GP-RD1,FIT
HONDA,DX,CIVIC
HONDA,FIT-LAGD1,FIT
HONDA,DBA-FK7 CIVIC,CIVIC
HONDA,DBA-RW1,CRV
HONDA,CIVIC AUTO,CIVIC
HONDA,DBA-RW1 CR-V,CRV
HONDA,INSIGHT ES CVT,INSIGHT
HONDA,DBA-RM1,CRV
HONDA,HC CITY,CITY
HONDA,CITY 4A,CITY
HONDA,CRV-VTL3,CRV
HONDA,CIVIC LA-ES1,CIVIC
HONDA,DBA-JH2 N WGN,N WGN
HONDA,N WGN,N WGN
HONDA,DBA-JH1 N WAGON,N WGN
HONDA,CIVIC EX CUT,CIVIC
HONDA,DAA-GP5 FIT,FIT
HONDA,LA-ES1,CIVIC
HONDA,EBD-HA8,ACTY
HONDA,DBA-GD6 FIT,FIT
HONDA,DBA-JW5 S660,S660
HONDA,CIVIC EX 1.0 VTEC,CIVIC
HONDA,VEZEL (DAA-RU3)-HYBRID,VEZEL
HONDA,CR-V VTI-LX,CRV
HONDA,DAA-RUS,VEZEL
HONDA,CR V VTEC,CRV
HONDA,CIVIC EH 957-KQ,CIVIC
HONDA,DBA-RE4,CRV
HONDA,CITY 1.5L A,CITY
HONDA,CRV A SPORTS,CRV
HONDA,CRV 2.0A,CRV
HONDA,CTV-VTI-L,CRV
HONDA,DAA -GP5 -FIT HYBRID,FIT
HONDA,HRV WAGON,HRV
HONDA,DBA-FD1,CIVIC
HONDA,GF-GH3 JEEP,HRV
HONDA,CRV2.0A,CRV
HONDA,6AA-ZE4 EX INSIGHT,INSIGHT
HONDA,CIVIC VTEC CVT,CIVIC
HONDA,CIVIC-SEDAN,CIVIC
HONDA,CIVIC EK3-AUTO,CIVIC
HONDA,CIVIC EK3-MANNUAL,CIVIC
HONDA,CIVIC EX VTEC,CIVIC
HONDA,CIVIC ES1-AUTO,CIVIC
HONDA,CIVIC ES8-AUTO,CIVIC
HONDA,GRACE-DAA-GM4,GRACE
HONDA,CITY VTEC,CITY
HONDA,CITY VTEC M,CITY
HONDA,DA-RU3-VEZEL,VEZEL
HONDA,CIVIC ES8-MANNUAL,CIVIC
HONDA,CITY G41,CITY
HONDA,CIVIC FB1,CIVIC
HONDA,CIVIC V11 4A,CIVIC
HONDA,CITYVTEC A,CITY
HONDA,GAA-GP7-SHUTTLE,SHUTTLE
HONDA,CR.V RVSI-2,CRV
HONDA,CRV-VTI-S,CRV
HONDA,DAA-RU3 VEZEL HYBRID,VEZEL
HONDA,CIVIC FD1-AUTO,CIVIC
HONDA,CIVIC FD1-MANNUAL,CIVIC
HONDA,CIVIC FD3-JAPAN,CIVIC
HONDA,CIVIC FD4-AUTO,CIVIC
HONDA,CIVIC FD4-MANNUAL,CIVIC
HONDA,CIVIC SE-HATCHBACK,CIVIC
HONDA,CIVIC EG8,CIVIC
HONDA,CIVIC ES1-MANNUAL,CIVIC
HONDA,CIVIC FD3-UK,CIVIC
HONDA,CIVIC SR-HATCHBACK,CIVIC
HONDA,CIVIC EG8,CIVIC
HONDA,CIVIC EX-HATCHBACK,CIVIC
HONDA,CRV-WAGON,CRV
HONDA,DAA-RU4 VEZEL,VEZEL
HONDA,CIVIC RS,CIVIC
HONDA,ACCORD CL7,ACCORD
HONDA,CIVIC  EX,CIVIC
HONDA,VEZEL RU3 ORANGE PACKAGE,VEZEL
HONDA,DBA-JH1 N WGN CUSTON,N WGN
HONDA,DAA-GP7 FIT SHUTTLE,SHUTTLE
HONDA,DBA-RW1 CR-V EX,CRV
HONDA,DBA-JW5 S660 SPORT,S660
HONDA,6AA-ZE4,INSIGHT
HONDA,HONDA,CRV
HONDA,ORAND CIVIC,CIVIC
HONDA,CIVIC-EG8,CIVIC
HONDA,SPIKE,FREED
HONDA,DAA-ZE2 HYBRID INSIGHT,INSIGHT
HONDA,DAA-ZE2 HYBRID,INSIGHT
HONDA,DBA-GD6,FIT ARIA
HONDA,UA-GD1,FIT
HONDA,DAA-DM4-GRACE,GRACE
HONDA,VEZEL RU3,VEZEL
HONDA,CITY-V,CITY
HONDA,DA-GP5 FIT,FIT
HONDA,DBA-RW1 CRV,CRV
HONDA,DBA-GE6 FIT,FIT
HONDA,INSIGHT DAA-ZE2,INSIGHT
HONDA,DAA-ZF2 CR-Z,CRZ
HONDA,CIVIC BRAND NEW,CIVIC
HONDA,DAA-GPI FIT HYBRID,FIT
HONDA,CRV,CRV
HONDA,DBA-JF3 N-BOX CUSTOM,N BOX
HONDA,E-EF2-CIVIC,CIVIC
HONDA,CBA-RD7 CR-V,CRV
HONDA,CIVIC 1.0 CVT,CIVIC
HONDA,DAA-GPI FIT,FIT
HONDA,CR-V 2.0L,CRV
HONDA,LEB-H1 3056183 FIT,FIT
HONDA,DAA-RU2 VEZEL,VEZEL
HONDA,CIVIC-99,CIVIC
HONDA,DBA-GD9 FIT,FIT
HONDA,CIVIC EXT,CIVIC
HONDA,CIVIC 1.0EX,CIVIC
HONDA,CIVIC FERIO UA-ES1,CIVIC
HONDA,CIVIC FK6,CIVIC
HONDA,ED 325MP,CIVIC
HONDA,CIVIC C9,CIVIC
HONDA,CIVIC BRAND NEW,CIVIC
HONDA,VEZEL HYBRID DAA-RU3,VEZEL
HONDA,FIT 1.3A,FIT
HONDA,ACCORD,ACCORD
HONDA,VEZEL HYBRID Z DAA-RU3,VEZEL
HONDA,ED 352 MP,CIVIC
HONDA,CIVIC ED,CIVIC
HONDA,DAA-RU3 VEZEL,VEZEL
HONDA,N BOX,N BOX
HONDA,CITY 1.5L 5MT,CITY
HONDA,DAA-MH55S CIVIC,CIVIC
HONDA,E-RD1,CRV
HONDA,DBA-JH1N WGN,N WGN
HONDA,FIT GD1,FIT
HYUNDAI,SANTA FE A,SANTA FE
HYUNDAI,ACCENT,ACCENT
HYUNDAI,SONATA,SONATA
HYUNDAI,MATRIX,MATRIX
HYUNDAI,TRAJET,TRAJET
HYUNDAI,SANTRO,SANTRO
HYUNDAI,ELANTRA,ELANTRA
HYUNDAI,TUCSON,TUCSON
HYUNDAI,ACCENT GL M,ACCENT
HYUNDAI,ACCENT-GVS,ACCENT
HYUNDAI,ACCENT-GLS,ACCENT
HYUNDAI,EON-Magna,EON
HYUNDAI,STELLAR,STELLAR
HYUNDAI,ACCENT GLA,ACCENT
HYUNDAI,EXCEL 1.5LS,EXCEL
HYUNDAI,SONATA A,SONATA
HYUNDAI,SANTA FE (JEEP),SANTA FE
HYUNDAI,VENUE,VENUE
HYUNDAI,EF - SONATA,SONATA
HYUNDAI,SONATA 1.8 GL,SONATA
HYUNDAI,EXCEL 1.5 GLS,EXCEL
HYUNDAI,MATRIX GLS A,MATRIX
HYUNDAI,SONATA GLS,SONATA
HYUNDAI,MATRIX GLS M,MATRIX
HYUNDAI,TRAJET GLS A,TRAJET
HYUNDAI,EF - SONATA A,SONATA
HYUNDAI,ACCENT GLS M,ACCENT
HYUNDAI,VENUE TURBO,VENUE
HYUNDAI,ACCENT GLS A,ACCENT
HYUNDAI,ACCENT 1.5 GLS,ACCENT
HYUNDAI,ACCENT GL,ACCENT
HYUNDAI,EON,EON
HYUNDAI,TUCSON2.0A,TUCSON
KIA,KIA SPORTAGE,SPORTAGE
KIA,RIO,RIO
KIA,PICANTO,PICANTO
KIA,OPTIMA,OPTIMA
KIA,SORENTO,SORENTO
KIA,SEPHIA,SEPHIA
KIA,SORENTO 4X4 JEEP,SORENTO
KIA,CARENS,CARENS
KIA,CARNIVAL,CARNIVAL
KIA,STONIC 4 ISG S-A,STONIC
KIA,RIO 1.5A,RIO
KIA,RIO 1.5LS,RIO
KIA,SEPHIA-GTX,SEPHIA
KIA,SPORTAGE 4X2,SPORTAGE
KIA,RIO 1.3M,RIO
KIA,SPORTAGE JEEP,SPORTAGE
KIA,SPORTAGE GRAND,SPORTAGE
KIA,RIO 1.5M,RIO
KIA,SEPHIA II,SEPHIA
KIA,RIO 1.5LS A,RIO
KIA,RIO 1.5,RIO
KIA,SPORTAGE 4X4,SPORTAGE
KIA,SORENTO JEEP,SORENTO
KIA,RIO 1.5LSM,RIO
KIA,RIO 1.3 LSNB M/T,RIO
KIA,SORENTO 4X4,SORENTO
KIA,RIO 1.5M H/B,RIO
KIA,CARENS 1.8A,CARENS
KIA,SEPHIAI S M,SEPHIA
KIA,RIO 1.5A H/B,RIO
KIA,SEPHIA 1.5 A,SEPHIA
KIA,SPORTAGE 4X4 JEEP,SPORTAGE
KIA,RIO 1.3RS M,RIO
KIA,SPORTAGE,SPORTAGE
KIA,STONIC,STONIC
KIA,SEPHIA 1.5M,SEPHIA
KIA,RIO 105M,RIO
KIA,PICANTO 1.1A,PICANTO
KIA,GRAND CARNIVAL,CARNIVAL
KIA,SORENTO 4 4 JEEP,SORENTO
MAHINDRA,KUV 100 K6 PLUS,KUV 100
MAHINDRA,KUV 100nxt,KUV 100
MAHINDRA,KUV 100 NXT K6,KUV 100
MAHINDRA,KUV 100 NXT,KUV 100
MAHINDRA,KUV 100 NXT K6 (SE TWOTONE,KUV 100
MAZDA,MAZDA 323,2
MAZDA,MAZDA FAMILIA,FAMILIA
MAZDA,FAMILIA WAGON,FAMILIA
MAZDA,BONGO SK82,2
MAZDA,BONGO SK28,2
MAZDA,KBSS28V,2
MAZDA,AXELA,AXELA
MAZDA,KC-SS28H,2
MAZDA,GF-BJ3P,3
MAZDA,DBA-DE3FS,3
MAZDA,KR-SYF6T,6
MAZDA,TC-SK82V,2
MAZDA,SD29T,2
MAZDA,SK22T,2
MAZDA,323 GLX,2
MAZDA,KG-SK56V,6
MAZDA,GC-SK82V-BONGO,2
MAZDA,KR-SKF6M,6
MAZDA,BHALP21,2
MAZDA,KG-SY56T,6
MAZDA,GD-DG52V,2
MAZDA,E-BG3P,3
MAZDA,LE-DG62V,2
MAZDA,FAMILIA E BG3P,3
MAZDA,TC-SK82TN,2
MAZDA,KF-SK22T,2
MAZDA,ADF-SFK2V,2
MAZDA,G26,2
MAZDA,SS28V,2
MAZDA,KR-SKF6V,6
MAZDA,3,3
MAZDA,KQ-SKF2V,2
MAZDA,FAMILIA EBG55,FAMILIA
MAZDA,E2200GLASSPANEL,2
MAZDA,DBA-BK5P AXELA,AXELA
MAZDA,KK-WH35T TRUCK,3
MAZDA,U SR29V,2
MAZDA,KQ-SKF2T,2
MAZDA,ABF-SK82V BONGO,2
MAZDA,LA-DW3W,3
MAZDA,KC-SR24V,2
MAZDA,DEMIO,DEMIO
MAZDA,ABASE3P,3
MAZDA,FAMILIA,FAMILIA
MAZDA,KG-SK22L,2
MAZDA,323L,2
MAZDA,SR29V,2
MAZDA,KK-WG67T-HALF BODY,6
MAZDA,323LX,2
MAZDA,EBD-DG64V,6
MAZDA,KR-SKF2T,2
MAZDA,KB-SS28M,2
MAZDA,EBD-DG63T,3
MAZDA,V-SR29V,2
MAZDA,GE-SK6EV,6
MAZDA,KG-SK56L,6
MAZDA,FAMILIA BG5P,FAMILIA
MAZDA,323 4DR 5M,2
MAZDA,ABF-SKP2M,2
MAZDA,323SA,2
MAZDA,LA-HB23S CAROL,2
MAZDA,KR-SKF2L,2
MAZDA,ABF-SKP2V BONGO,2
MAZDA,MAZDA 6,6
MAZDA,BKR-SKF2V,2
MAZDA,KB-SE28T,2
MAZDA,SR2AV-BROWNY,2
MAZDA,LA-HB23S ALTO,2
MAZDA,SS218MF,2
MAZDA,BF3V.CLOSED,3
MAZDA,DEMIO- DBA-DE3FS,3
MAZDA,MAZDA 2,2
MAZDA,MODEL-CREW CAB-KC SD29M,2
MAZDA,EBD-DG63T SCRUM,3
MAZDA,DAA-MM42S,2
MAZDA,KK-WG64H,6
MAZDA,LE-DG63T,3
MAZDA,LA-DY3W,3
MAZDA,SRY021,2
MAZDA,KK-WH69G,6
MAZDA,SR2AM,2
MAZDA,DB3PA,3
MAZDA,626 4DR 5A,2
MAZDA,ADF-SK82V,2
MAZDA,ADF-SKF2V,2
MAZDA,ADF-SKF6V,6
MAZDA,KG-SK22V,2
MAZDA,TC-SKE6V,6
MAZDA,EDB-DG64V,6
MAZDA,SS28M,2
MAZDA,SSR28V,2
MAZDA,KK-WHF3F,3
MAZDA,GD-DH52T,2
MAZDA,KK WH6HH,6
MAZDA,FLAIR HYBRID,FLAIR
MAZDA,BF3P,3
MAZDA,BG3P-CLOSED,3
MAZDA,LE-DG62T,2
MAZDA,DAA-MJ55S FLAIR,FLAIR
MAZDA,ABF-SKP2T BONGO,2
MAZDA,KJ-SK22V,2
MAZDA,GD-DH52V,2
MAZDA,KF-SK22V,2
MAZDA,TC-SK82M,2
MAZDA,DAA-MS41S FLAIR CROSSOVER,FLAIR
MAZDA,FAMILIA DX,FAMILIA
MAZDA,ABA-SE3P,3
MAZDA,KK-WH38H,3
MAZDA,DBA-HBS36S CAROL,3
MAZDA,GD-DG52T,2
MAZDA,R - BFIP FAMILIA,FAMILIA
MAZDA,DBA-HB36S CAROL,3
MAZDA,BRJ4-RAC-MAZDA 3,3
MAZDA,HBD-DG64V,6
MAZDA,DBA-HB25S CAROL,2
MAZDA,DAA MJ44S(FLAIR),FLAIR
MAZDA,DAA-MM42S FLAIR,2
MAZDA,626 HB,2
MAZDA,TC-SK82T/BONGO,2
MAZDA,E-BG3P-CLOSED,3
MAZDA,KK-WG3AH,3
MAZDA,KF-SK22T TRUCK,2
MAZDA,EBD-DG16T,6
MAZDA,GBD-DG64V,6
MAZDA,KR-5KF2V,2
MAZDA,E2200,2
MAZDA,ABF-SKP2M BONGO,2
MAZDA,SCRU-LE-DG26V,2
MAZDA,UA-DY3W,3
MAZDA,MAZDA 3,3
MAZDA,GE-SK82V,2
MAZDA,KG-SY56L,6
MAZDA,EBD-DG16T SCRUM,6
MAZDA,RX 8 1.3A,RX
MAZDA,SD2AT,2
MAZDA,323 SA ABS,2
MAZDA,KR-SKF6V BONGO,6
MAZDA,KR-SKF2M,2
MAZDA,323,2
MAZDA,L-BF3V,3
MAZDA,HDB-DG64V SCRUM,6
MAZDA,DBA-HB36S,3
MAZDA,RX8 1.3M,RX
MAZDA,ABA-SE3P-RX8,RX
MAZDA,CX-5 KH43 RAC,3
MAZDA,E-BFTP FAMILIA,FAMILIA
MAZDA,323 SM ABS,2
MAZDA,DBTH RAU MAZDA 2,2
MAZDA,GE-SK82M,2
MAZDA,KK-WG67H TITAN,6
MAZDA,EBD-DG64V SCRUM,6
MAZDA,DAA-MM42S FLAIR WAGON,2
MAZDA,DAA-BYEFP AXELA,AXELA
MAZDA,ABF-SKP2T,2
MAZDA,ABF-SK82T,2
MAZDA,FLAIR XS DAA-MJ55S,FLAIR
MAZDA,GC-SK82V,2
MAZDA,KB - SD29T - H/B TRUCK,2
MAZDA,FLAIR,FLAIR
MAZDA,M-SD2AT,2
MAZDA,DBA-MS31S,3
MAZDA,RX8,RX
MAZDA,FAMILIA BG3P,3
MAZDA,UE-DG62V,2
MAZDA,TG-SK82V,2
MAZDA,DBF-SLP2T,2
MAZDA,FAMILIA GF-BJ5P,FAMILIA
MAZDA,KR-SKF2V-BONGO,2
MAZDA,ADF-SKF2M BONGO,2
MAZDA,KK-WG3AT,3
MAZDA,DAA-MS41S FLAIR,FLAIR
MAZDA,FAMILIA BF3P,3
MAZDA,ADF-SKF2T,2
MAZDA,DG64W,6
MAZDA,GF-BJ3P FAMILIA,3
MAZDA,ADF-SKF2V-BONGO,2
MAZDA,GC-SK82T,2
MAZDA,DBF-SLP2T BONGO,2
MAZDA,E2200 SE51,2
MAZDA,KK-WH63G,3
MAZDA,GF-DW5W-DEMIO,DEMIO
MAZDA,BONGO-KF-SK22T,2
MAZDA,L-BF3V FAMILIA,3
MAZDA,BG 46GLX,6
MAZDA,FAMILIA E-BG5P,FAMILIA
MAZDA,KB-SS28V,2
MAZDA,KR-5KF6V,6
MAZDA,DBA DE3FS-SEDAN,3
MAZDA,KG-SK22M,2
MAZDA,FAMILIA BJ5P,FAMILIA
MAZDA,LA-SE3P,3
MAZDA,MAZDA3 LUX,3
MAZDA,HBD-DG64V SCRUM VAN,6
MAZDA,TC-SK82T,2
MAZDA,6,6
MAZDA,ABF-SK82V,2
MAZDA,HBD-DG64V SCRUM,6
MAZDA,TC-SK82V BONGO,2
MAZDA,DBA-BL5FP AXELA,AXELA
MAZDA,KG-SK56T,6
MAZDA,626,2
MAZDA,FAMILIA XT,FAMILIA
MAZDA,SCRUM-GD-DG52T,2
MAZDA,323 5A ABS,2
MAZDA,FAMILIAR,FAMILIA
MAZDA,U-SR2AM,2
MAZDA,KR-SKF2V,2
MAZDA,BB5E-L-323L,2
MAZDA,GF-DW3W,3
MAZDA,MAZDA 2 DBTH-RAU,2
MAZDA,DEA-DE3FS,3
MAZDA,323 SA ABS-FAMILIA,2
MAZDA,DUMP TRUCK KC - WG 61 K,6
MAZDA,SS28VN,2
MAZDA,FAMILIA-LARJ5P,FAMILIA
MAZDA,KG-SK26T,2
MAZDA,UZ-HB23S,2
MAZDA,DBA-DE3FS DEMIO,3
MAZDA,DAA-MJ44S FLAIR,FLAIR
MAZDA,ADF-SKF6V BROWNY,6
MAZDA,KK-WH3HH,3
MICRO,MICRO TREND,TREND
MICRO,KYRON,KYRON
MICRO,PANDA,PANDA
MICRO,PANDA L.C 1.3,PANDA
MICRO,PANDA CROSS,PANDA
MICRO,MX 7 MARK II,MX 7
MICRO,PANDA L.C 1.0,PANDA
MICRO,REXTON270XDI,REXTON
MICRO,PANDA 1.0HI,PANDA
MICRO,PANDA 1.0,PANDA
MICRO,ACTYON SPORTS,ACTYON
MICRO,PANDA LC 1.0 STANDARD,PANDA
MICRO,KYRON 200XDI,KYRON
MICRO,EMGRAND 7,EMGRAND
MICRO,PANDA GB 1.0,PANDA
MICRO,PANDA GB 1.0 STANDARD,PANDA
MICRO,PANDA GS 1.0 STANDARD,PANDA
MICRO,PANDA GL,PANDA
MICRO,PANDA LC 1.0 - COMFORTABLE,PANDA
MICRO,PANDA 1.3GS,PANDA
MICRO,PANDA GS,PANDA
MICRO,PANDA 1.3,PANDA
MICRO,BAIC X25 ELITE 1.5,BAIC
MICRO,TIVOLI,TIVOLI
MICRO,PANDA 1.0 AUTO,PANDA
MICRO,PANDA CROSS 1.0 AUTO,PANDA
MICRO,SSANG YONG TIVOLI DLX HI-SPEC (PETROL),TIVOLI
MICRO,PANDA CROSS 1.0,PANDA
MICRO,SSANG YONG TIVOLI DLX (PETROL),TIVOLI
MICRO,BAIC X25,BAIC
MICRO,TREND,TREND
MICRO,PANDA AUTO,PANDA
MICRO,PANDA AMT,PANDA
MICRO,PANDA CROSS AMT,PANDA
MICRO,BAIC D20 COMFORT 1.5 SEDAN,BAIC
MICRO,PANDA LC 1.0 AMT-COMFORTABLE,PANDA
MICRO,PANDA CROSS 1.3,PANDA
MICRO,PANDA LC 1.0,PANDA
MICRO,PANDA LC 1.3,PANDA
MICRO,ACTYON SPORTS 200XDI,ACTYON
MICRO,REXTON 270 XDI,REXTON
MICRO,MX7 II,MX 7
MITSUBISHI,LANCER,LANCER
MITSUBISHI,MONTERO,MONTERO
MITSUBISHI,GALANT,GALANT
MITSUBISHI,LANCER CB8,LANCER
MITSUBISHI,LANCER CK2,LANCER
MITSUBISHI,LANCER GL,LANCER
MITSUBISHI,GA-PA3V(DELICA),DELICA
MITSUBISHI,TC-SK82TM DELICA,DELICA
MITSUBISHI,GC-SK82VM DELICA,DELICA
MITSUBISHI,E-C62A-LANCER,LANCER
MITSUBISHI,L200 DIAMOND DI-D,L200
MITSUBISHI,DELICA FREEZEER,DELICA
MITSUBISHI,LIBERO CB 1V,LIBERO
MITSUBISHI,MIRAGE,MIRAGE
MITSUBISHI,DELICA,DELICA
MITSUBISHI,DELICA GC-SK82V M,DELICA
MITSUBISHI,SHOGUN,SHOGUN
MITSUBISHI,LANCER GLX,LANCER
MITSUBISHI,RVR -GF -71W,RVR
MITSUBISHI,PAJERO IO,PAJERO
MITSUBISHI,L200 ANIMAL DI,L200
MITSUBISHI,ABF-SK82VM DELICA,DELICA
MITSUBISHI,L200 TROJAN,L200
MITSUBISHI,MIRAGE CKIA,MIRAGE
MITSUBISHI,LANCER CEDIA,LANCER
MITSUBISHI,KH4WGRPZR MONTERO,MONTERO
MITSUBISHI,L200 WARRIOR,L200
MITSUBISHI,STRADA,STRADA
MITSUBISHI,CBA-V93W PAJERO,PAJERO
MITSUBISHI,ATTRAGE,ATTRAGE
MITSUBISHI,CB3A LANCER,LANCER
MITSUBISHI,OUTLANDER 2.4L PETROL,OUTLANDER
MITSUBISHI,OUTLANDER,OUTLANDER
MITSUBISHI,RVR,RVR
MITSUBISHI,RVR-N28W,RVR
MITSUBISHI,PAJERO,PAJERO
MITSUBISHI,OUTLANDER DLA-GG2W,OUTLANDER
MITSUBISHI,PAJERO JR,PAJERO
MITSUBISHI,OUTLANDER PHEW,OUTLANDER
MITSUBISHI,MONTERO 3.2L GLS,MONTERO
MITSUBISHI,PO2 DELICA,DELICA
MITSUBISHI,OUTLANDER PHEV,OUTLANDER
MITSUBISHI,MONTERO V96WLNDFR,MONTERO
MITSUBISHI,L200,L200
MITSUBISHI,DELICA LO31PV,DELICA
MITSUBISHI,MONTERO V98WLYXZSR,MONTERO
MITSUBISHI,LANCER E-A172A,LANCER
MITSUBISHI,C11A MIRAGE,MIRAGE
MITSUBISHI,E-CB3A LANCER,LANCER
MITSUBISHI,LANCER C62ASNJR,LANCER
MITSUBISHI,J24R,J24
MITSUBISHI,KA4TNENMR L200,L200
MITSUBISHI,PAJERO L049,PAJERO
MITSUBISHI,A03AXTMHR-MIRAGE,MIRAGE
MITSUBISHI,KL3TJNHFR SPORTERO,SPORTERO
MITSUBISHI,LANCER C12V,LANCER
MITSUBISHI,LANCER C12A,LANCER
MITSUBISHI,CW5WXTSHZR OUTLANDER,OUTLANDER
MITSUBISHI,KD-N28WG(RVR),RVR
MITSUBISHI,MONTERO GLS,MONTERO
MITSUBISHI,C11A.LANCER,LANCER
MITSUBISHI,LANCER C11V,LANCER
MITSUBISHI,PAJERO 10 JEEP,PAJERO
MITSUBISHI,LANCER EVOLUTION,LANCER
MITSUBISHI,PAJERO L048,PAJERO
MITSUBISHI,SHOGUN WARRIOR GDI,SHOGUN
MITSUBISHI,V76WLRXFR MONTERO,MONTERO
MITSUBISHI,SHOGUN SG3 DI-D LWD AUTO,SHOGUN
MITSUBISHI,CY1ASRSHR LANCER EX,LANCER
MITSUBISHI,V93WLRXVQR MONTERO,MONTERO
MITSUBISHI,EK WAGON,EK WAGON
MITSUBISHI,L-C11V LANCER,LANCER
MITSUBISHI,L200-4WORK DI.D/C,L200
MITSUBISHI,DELICA LO38P,DELICA
MITSUBISHI,V93WLRXVR/MONTERO,MONTERO
MITSUBISHI,GALANT E52ASNHR,GALANT
MITSUBISHI,EK SPACE CUSTOM,EK SPACE
MITSUBISHI,LIBERO,LIBERO
MITSUBISHI,LANCER C11A,LANCER
MITSUBISHI,LANCER 1.6A,LANCER
MITSUBISHI,CS1ASNDER LANCER,LANCER
MITSUBISHI,LANCER CK2ASNIR,LANCER
MITSUBISHI,MONTERO JEEP,MONTERO
MITSUBISHI,DBA-B11W EK CUSTOM,EK CUSTOM
MITSUBISHI,DELICA L300,DELICA
MITSUBISHI,DBA-B11WEK WAGON,EK WAGON
MITSUBISHI,LANCER CB1 ASNMR,LANCER
MITSUBISHI,ECLIPSE CROSS AWD,ECLIPSE CROSS
MITSUBISHI,PAJERO JEEP,PAJERO
MITSUBISHI,V73WLRXVR MONTERO,MONTERO
MITSUBISHI,LANCER-A149V,LANCER
MITSUBISHI,ECLIPSE CROSS,ECLIPSE CROSS
MITSUBISHI,L200 ANIMAL,L200
MITSUBISHI,LANCER CS2 ASTHERID,LANCER
MITSUBISHI,XPANDER,XPANDER
MITSUBISHI,E-CB3A MIRAGE,MIRAGE
MITSUBISHI,TA-V75W PAJERO,PAJERO
MITSUBISHI,DELICA HO31P,DELICA
MITSUBISHI,DBA-B11A EK SPACE,EK SPACE
MITSUBISHI,PAJERO IO JEEP,PAJERO
MITSUBISHI,L200 SPORTERO,SPORTERO
MITSUBISHI,GF3WXTMGZR OUTLANDER,OUTLANDER
MITSUBISHI,OUTLANDER DLA-GG3W,OUTLANDER
MITSUBISHI,LANCER CK1ASNDR,LANCER
MITSUBISHI,LANCER CK1,LANCER
MITSUBISHI,V 78W-PAJERO,PAJERO
MITSUBISHI,GG2WXDHHZR OUTLANDER,OUTLANDER
MITSUBISHI,DBF-BVM20 DELICA,DELICA
MITSUBISHI,L200 ANIMAL DI-DD/C,L200
MITSUBISHI,LANCER CYZASRMHR,LANCER
MITSUBISHI,CHARIOT,CHARIOT
MITSUBISHI,CSIASNDER/LANCER,LANCER
MITSUBISHI,PAJERO NJEEP,PAJERO
MITSUBISHI,RVR-JEEP,RVR
MITSUBISHI,MONTERO IO JEEP,MONTERO
MITSUBISHI,LANCER CY2A,LANCER
MITSUBISHI,V93WLYXZSR MONTERO,MONTERO
MITSUBISHI,LANCER CS3,LANCER
MITSUBISHI,LANCER CB1,LANCER
MITSUBISHI,PAJERO V44,PAJERO
MITSUBISHI,KS3WGYMFR MONTERO,MONTERO
MITSUBISHI,L200(DOUBLE CAB),L200
MITSUBISHI,MONTERO IO,MONTERO
MITSUBISHI,DELICA-KC-P15V,DELICA
MITSUBISHI,LANCER-CK2ASNJR,LANCER
MITSUBISHI,DLA-GG2W OUTLANDER,OUTLANDER
MITSUBISHI,PAJERO V46,PAJERO
MITSUBISHI,L200 KB4TGJNHZRU,L200
MITSUBISHI,DELICA ADF-SKF2VM,DELICA
MITSUBISHI,A13ASTHHR-ATTRAGE,ATTRAGE
MITSUBISHI,LANCER CK2ASNJR,LANCER
MITSUBISHI,LANCER 1.3M,LANCER
MITSUBISHI,SEDIA SEDAN LANCER,LANCER
MITSUBISHI,V98WLYXZSR MONTERO,MONTERO
MITSUBISHI,LANCER.CK1ASNDR,LANCER
MITSUBISHI,CK2ASNJR LANCER,LANCER
MITSUBISHI,DBA-CS2A LANCER,LANCER
MITSUBISHI,L200 K34TJUNSR,L200
MITSUBISHI,V96W-MONTERO,MONTERO
MITSUBISHI,L200 DIAMOND,L200
MITSUBISHI,PAJERO JEEP LAV73W,PAJERO
MITSUBISHI,CS3ASRJER LANCER,LANCER
MITSUBISHI,L200 4 WORK,L200
MITSUBISHI,A03AXTHHR-MIRAGE,MIRAGE
MITSUBISHI,MONTERO SPORTS,MONTERO
MITSUBISHI,MONTERO V73,MONTERO
MITSUBISHI,MONTERO V76WLRXFR,MONTERO
MITSUBISHI,LANCER CS1,LANCER
MITSUBISHI,V46 PAJERO,PAJERO
MITSUBISHI,LANCER MX,LANCER
MITSUBISHI,PAJERO V98W,PAJERO
MITSUBISHI,V98WL YXZSR MONTERO,MONTERO
MITSUBISHI,LANSER,LANSERÂ 
NISSAN,SUNNY-FB15,SUNNY
NISSAN,MARCH,MARCH
NISSAN,BLUEBIRD,BLUEBIRD
NISSAN,SUNNY FB13,SUNNY
NISSAN,SUNNY FB14,SUNNY
NISSAN,SUNNY N16,SUNNY
NISSAN,SUNNY N17,SUNNY
NISSAN,MARCH K11,MARCH
NISSAN,MARCH AK12,MARCH
NISSAN,AD WAGON LY11,AD WAGON
NISSAN,AD WAGON LY12,AD WAGON
NISSAN,WINGROAD,WINGROAD
NISSAN,X-TRAIL,X-TRAIL
NISSAN,CARAVAN VRGE 24,CARAVAN
NISSAN,CARAVAN VPE25,CARAVAN
NISSAN,VANNET LD20,VANETTE
NISSAN,VANNET SK82,VANETTE
NISSAN,VANNET SK28,VANETTE
NISSAN,SERENA,SERENA
NISSAN,LARGO,VANETTE
NISSAN,CLIPPER BUDY VAN,CLIPPER
NISSAN,PETROL,PATROL
NISSAN,SUNNY,SUNNY
NISSAN,NAVARA,NAVARA
NISSAN,CLIPPER TRUCK,CLIPPER
NISSAN,CARAVAN VWGE 25,CARAVAN
NISSAN,SUNNY EX SALOON,SUNNY
NISSAN,CARAVAN KG-VWGE24,CARAVAN
NISSAN,VANETTE KR-SKF2MN,VANETTE
NISSAN,TC-SK82VN VANNETE,VANETTE
NISSAN,SUNNY CFAN16,SUNNY
NISSAN,SK82TN,VANETTE
NISSAN,VANETTE GA-SS88HN,VANETTE
NISSAN,GC-SK82VN,VANETTE
NISSAN,ADF-SKF2VN,VANETTE
NISSAN,CARAVAN,CARAVAN
NISSAN,GAV AJC23,VANETTE
NISSAN,TIIDA,TIIDA
NISSAN,VANETTE,VANETTE
NISSAN,SS28VN,VANETTE
NISSAN,VANETTE KR SKF2LN,VANETTE
NISSAN,CARAVAN VWME25,CARAVAN
NISSAN,PRIMERA,PRIMERA
NISSAN,MARCH DBA-AK12,MARCH
NISSAN,MARCH TA-K11,MARCH
NISSAN,E-B13-SUNNY,SUNNY
NISSAN,AD STATION WAGON,AD WAGON
NISSAN,CEFIRO,CEFIRO
NISSAN,TA-QGE25,CARAVAN
NISSAN,LC-VPE25,CARAVAN
NISSAN,KF-SK22VN,VANETTE
NISSAN,VVJC23,SERENA
NISSAN,ADF-CWMGE25,CARAVAN
NISSAN,S-VUJC22,VANETTE
NISSAN,VRGE24,CARAVAN
NISSAN,TIIDA LATIO,TIIDA
NISSAN,KJ-SK22VN,VANETTE
NISSAN,GE-VPE25-CARAVAN,CARAVAN
NISSAN,UA-FB15,SUNNY
NISSAN,KR-VWE25,CARAVAN
NISSAN,CARAVAN VX,CARAVAN
NISSAN,PRESEA,PRESEA
NISSAN,ADF-SKF2LN,VANETTE
NISSAN,SAFARI,PATROL
NISSAN,VRE24,CARAVAN
NISSAN,GBD-U71V,CLIPPER
NISSAN,GF-FB15,SUNNY
NISSAN,BROWNY-DOUBLE CAB,DOUBLE CAB
NISSAN,X-SB13,SUNNY
NISSAN,KG-SK22TN,VANETTE
NISSAN,SUNNY 1.5A,SUNNY
NISSAN,ADF-CWGE25,CARAVAN
NISSAN,AD WAGON UB-VY11,AD WAGON
NISSAN,GE-SK82MN VANETTE,VANETTE
NISSAN,E-B14,SUNNY
NISSAN,PULSAR,PULSAR
NISSAN,CARAVAN TA-QGE25,CARAVAN
NISSAN,PRESEA R10,PRESEA
NISSAN,CEFIRO 2308M,CEFIRO
NISSAN,CARAVAN VPE24,CARAVAN
NISSAN,VANETTE KF-SK22VN,VANETTE
NISSAN,E-B12SUNNY,SUNNY
NISSAN,CRGE24,CARAVAN
NISSAN,G8D-U71V CLIPPER,CLIPPER
NISSAN,VUJC22,VANETTE
NISSAN,SUNNY Q-5B13,SUNNY
NISSAN,KJ-SK22VW VANETTE,VANETTE
NISSAN,KJ-SK22VW VANETTE,VANETTE
NISSAN,KG-VWGE24,CARAVAN
NISSAN,KB-SS28MN,VANETTE
NISSAN,BHAB13-SUNNY,SUNNY
NISSAN,E-FB12-SUNNY,SUNNY
NISSAN,SILPHY TAFG 10,SYLPHY
NISSAN,ADF-VWE25-CARAVAN,CARAVAN
NISSAN,BCAB 13,SUNNY
NISSAN,U-CRGE24,CARAVAN
NISSAN,AD WAGON GJ-VFY11,AD WAGON
NISSAN,DBA - G11,SYLPHY
NISSAN,U-VRGE24,CARAVAN
NISSAN,E HB 12 SUNNY,SUNNY
NISSAN,DBA-AK12,MARCH
NISSAN,ABA-DR17W CLIPPER,CLIPPER
NISSAN,SUNNY,SUNNY
NISSAN,E-FB14,SUNNY
NISSAN,GE-VPE24,CARAVAN
NISSAN,GC-SK82TN,VANETTE
NISSAN,KF-SK22TN FREEZER,VANETTE
NISSAN,CARAVAN VTE24,CARAVAN
NISSAN,UVRE24,CARAVAN
NISSAN,KB-VVJC23,SERENA
NISSAN,WINGROAD TA WFY11,WINGROAD
NISSAN,KF-SK22LN,VANETTE
NISSAN,KG-CWGE24,CARAVAN
NISSAN,BCAB13 SUNNY,SUNNY
NISSAN,SUNNY EX SALOON KE-SB15,SUNNY
NISSAN,E-FB13-CLOSED,SUNNY
NISSAN,VANETTE DBF- VM20,VANETTE
NISSAN,R-VY10-SUNNY,SUNNY
NISSAN,SUNNY EX,SUNNY
NISSAN,KG VWE24,CARAVAN
NISSAN,KF-SK22TN,VANETTE
NISSAN,N-VRGE24,CARAVAN
NISSAN,SUNNY 1.5 M,SUNNY
NISSAN,VWMGE24-CARAVAN,CARAVAN
NISSAN,E-FN14,PULSAR
NISSAN,KG-DWGE25,CARAVAN
NISSAN,KG-DWGE24,CARAVAN
NISSAN,VUJNC22,VANETTE
NISSAN,SUNNY 1.6A,SUNNY
NISSAN,AD WAGON,AD WAGON
NISSAN,TC-SK82TN,VANETTE
NISSAN,E-FB13-SUNNY,SUNNY
NISSAN,KR-VWME25,CARAVAN
NISSAN,KQ-SKF2VN,VANETTE
NISSAN,R11,PRESEA
NISSAN,GF-QU14,BLUEBIRD
NISSAN,TA-AK11-MARCH,MARCH
NISSAN,SU14,BLUEBIRD
NISSAN,CBA-AK12,MARCH
NISSAN,VENETTE ADF SKF2TFN SINGLE CAB,VANETTE
NISSAN,UA-AK12,MARCH
NISSAN,VRMGE24,CARAVAN
NISSAN,TA-FB15,SUNNY
NISSAN,DBA SC11,TIIDA
NISSAN,GE-VPGE24,CARAVAN
NISSAN,TB- BVFY11,AD WAGON
NISSAN,HOMY VRGE24,CARAVAN
NISSAN,GA-SE88TN,VANETTE
NISSAN,KR-CWGE25-CARAVAN,CARAVAN
NISSAN,E-WY10,VANETTE
NISSAN,GA-SS88HN,VANETTE
NISSAN,SYLPHY TA-FG10,BLUEBIRD
NISSAN,SE88TN,VANETTE
NISSAN,KC-VRMGE24,CARAVAN
NISSAN,E-FN15,PULSAR
NISSAN,UA-QG10,BLUEBIRD
NISSAN,E-K10,MARCH
NISSAN,ARME24,CARAVAN
NISSAN,CARAVENE VYE24,CARAVAN
NISSAN,UA-WFY11,WINGROAD
NISSAN,SB 14,SUNNY
NISSAN,2WD DOUBLE CAB,DOUBLE CAB
NISSAN,KB-SE28TN,VANETTE
NISSAN,GH-K11,MARCH
NISSAN,UA-K12,MARCH
NISSAN,DRGE24,CARAVAN
NISSAN,Q-SN14,PULSAR
NISSAN,GC-CQGE25,CARAVAN
NISSAN,NAVARA D/C OUTLOW DC,NAVARA
NISSAN,VB 11,AD WAGON
NISSAN,CARAVAN ADF-CWGE25,CARAVAN
NISSAN,BLUEBERD SYLPHY,SYLPHY
NISSAN,CARAVAN GX,CARAVAN
NISSAN,LEAF ELECTRIC CAR / ZAA-ZEO,LEAF
NISSAN,KD-SKF2TN,VANETTE
NISSAN,X-TRAIL JEEP,X-TRAIL
NISSAN,DOUBLE CAB,DOUBLE CAB
NISSAN,BBAB13-SUNNY,SUNNY
NISSAN,LE-U71T FREEZER TRUC,CLIPPER
NISSAN,KB-SS28VN,VANETTE
NISSAN,TRAD SUNNY,SUNNY
NISSAN,KR-SKF2VN,VANETTE
NISSAN,PRESEA,PRESEA
NISSAN,URVAN E26,CARAVAN
NISSAN,GA15 SUNNY,SUNNY
NISSAN,KD-KRGE24,CARAVAN
NISSAN,S-VSB11 (WAGON),AD WAGON
NISSAN,ZAA -ZEO-LEAF,LEAF
NISSAN,TC-SK82MN,VANETTE
NISSAN,HBD-DR64V,CLIPPER
NISSAN,CBF-VRE25,CARAVAN
NISSAN,ZAA-AZE0 LEAF,LEAF
NISSAN,DX-VY10,AD WAGON
NISSAN,LEAF ELECTRIC,LEAF
NISSAN,U71V,CLIPPER
NISSAN,FB12-SUNNY,SUNNY
NISSAN,LDF-CWGE25-DX,CARAVAN
NISSAN,NV350 CARAVAN LDF-VW2E26,CARAVAN
NISSAN,B14 SUNNY,SUNNY
NISSAN,B13 SUNNY,SUNNY
NISSAN,E-FB12-SUNNY,SUNNY
NISSAN,LDF VWE25-CARAVAN DX,CARAVAN
NISSAN,LDF-VW6E26,CARAVAN
NISSAN,LDF-VW2E26,CARAVAN
NISSAN,EBD-U71V,CLIPPER
NISSAN,U-VRMGE 24,CARAVAN
NISSAN,LDF-VWE25,CARAVAN
NISSAN,LEAF ACCENTA,LEAF
NISSAN,VANETTE HALF BODY,VANETTE
NISSAN,DAA-HT32 X-TRAIL,X-TRAIL
NISSAN,VJGE 24 URVAN,CARAVAN
NISSAN,CBF-VR2E26 CARAVAN,CARAVAN
NISSAN,EBD-DR64V,CLIPPER
NISSAN,BLUE BIRD TA-FG10,BLUEBIRD
NISSAN,CBA-FG10,BLUEBIRD
NISSAN,U71T,CLIPPER
NISSAN,GBD-U71T,CLIPPER
NISSAN,CARAVAN NV 350,CARAVAN
NISSAN,LEAF X,LEAF
NISSAN,KG-SK22VN,VANETTE
NISSAN,ZZA-AZE0,LEAF
NISSAN,BCA3-SUNNY,SUNNY
NISSAN,DAA-HNT32,X-TRAIL
NISSAN,TEANA 250XL,TEANA
NISSAN,DBA-B21W DAYZ HIGHWAY STAR,DAYZ
NISSAN,TA-NT30 JEEP,X-TRAIL
NISSAN,GBD-U72V,CLIPPER
NISSAN,LEAF G,LEAF
NISSAN,GBD-U71T CLIPPER (FREEZER),CLIPPER
NISSAN,TA-FG10,BLUEBIRD
NISSAN,GE-CQGE25,CARAVAN
NISSAN,NAVARA AVENTURA,NAVARA
NISSAN,E-HB12 LAWREL,SUNNY
NISSAN,N-VYE24,CARAVAN
NISSAN,UA-J31,TEANA
NISSAN,VYGE23,CARAVAN
NISSAN,KG-VWE25,CARAVAN
NISSAN,TA-TP12,PRIMERA
NISSAN,N-VUGJC22,VANETTE
NISSAN,N-VYGE24,CARAVAN
NISSAN,DAA-HFC26,SERENA
NISSAN,HBD-DR17V,CLIPPER
NISSAN,CALIFORNIA,SUNNY
NISSAN,DR17V CLIPPER,CLIPPER
NISSAN,UA-TP12,PRIMERA
NISSAN,LFMD22 DOUBLE CAB,DOUBLE CAB
NISSAN,NV100 CLIPPER,NV100
NISSAN,HB12,SUNNY
NISSAN,HRB-DR17V,CLIPPER
NISSAN,DBA-NT32,X-TRAIL
NISSAN,GBD - U71T CLIPPER,CLIPPER
NISSAN,GBD-U71V NV100 CLIPPER,NV100
NISSAN,GF-B15,SUNNY
NISSAN,E-WHB12CALIFONI,SUNNY
NISSAN,SUNNY SUPER SALOON,SUNNY
NISSAN,Y KRMGE2,CARAVAN
NISSAN,SUNNY B11,SUNNY
NISSAN,DBF-VM20-NV200,VANETTE
NISSAN,TA-WFY11,WINGROAD
NISSAN,LDF-VW25E26,CARAVAN
NISSAN,NV 200 VANETTE,VANETTE
NISSAN,E-WFB12,SUNNY
NISSAN,CLIPPER,CLIPPER
NISSAN,X-TRAIL TA-NT30,X-TRAIL
NISSAN,EBD-DR16T,CLIPPER
NISSAN,BHN13 SUNNY,SUNNY
NISSAN,MARCH (GH-K11),MARCH
NISSAN,SUNNY VB11,SUNNY
NISSAN,DBA-SC11 TIIDA,TIIDA
NISSAN,TA-T30,X-TRAIL
NISSAN,AD CJ-VY11,AD WAGON
NISSAN,LDF-DW4E26 NV350-CARVAN,CARAVAN
NISSAN,MARCH K10,MARCH
NISSAN,SHILPHY,SYLPHY
NISSAN,SUNNY VIP M,SUNNY
NISSAN,VANETTE H/BODY TRUCK,VANETTE
NISSAN,VAN,SERENA
NISSAN,SUNNY 1.6A,SUNNY
NISSAN,TB-VY11,AD WAGON
NISSAN,VUJC23-SERENA,SERENA
NISSAN,NAVARA D/C,NAVARA
NISSAN,VR024,CARAVAN
NISSAN,DBF-VM20,VANETTE
NISSAN,ABA-DR17W,CLIPPER
NISSAN,PATROL,PATROL
NISSAN,VHB11,AD WAGON
NISSAN,HBD DR17V CLIPPER,CLIPPER
NISSAN,HB 12FU-SUNNY,SUNNY
NISSAN,ADF-VWE25,CARAVAN
NISSAN,FB13-CLOSED,SUNNY
NISSAN,QASHQAI,QASHQAI
NISSAN,SB 13 SUNNY,SUNNY
NISSAN,GB-VTE24,CARAVAN
NISSAN,KC-CRGE24,CARAVAN
NISSAN,PULSER FN13,PULSAR
NISSAN,DBA-B21W,DAYZ
NISSAN,DBA-B21A,DAYZ
NISSAN,SUNNY-B12,SUNNY
NISSAN,SUNNY B14,SUNNY
NISSAN,VFY11-WAGON,WINGROAD
NISSAN,HDB-DR64V CLIPPER,CLIPPER
NISSAN,UN13-PULSAR,PULSAR
NISSAN,SUNNY GL,SUNNY
NISSAN,HBD-DR64V CLIPPER NV100,NV100
NISSAN,ZAA-AZEO,LEAF
NISSAN,CLIPPER RIO WAGON,CLIPPER
NISSAN,ABA-DR64W CLIPPER,CLIPPER
NISSAN,MARCH UA-AK12,MARCH
NISSAN,LEAF TEKNA,LEAF
NISSAN,NAVARA D/C AVENTURA,NAVARA
NISSAN,KG-SK22MN,VANETTE
NISSAN,SUNNY-QF-FB15,SUNNY
NISSAN,SUNNY HB12,SUNNY
NISSAN,KR-VWE25 CARAVAN,CARAVAN
NISSAN,E-R11,PRESEA
NISSAN,E-WHNB12 SUNNY,SUNNY
NISSAN,ZAA-ZEO,LEAF
NISSAN,EBD-DR17V/CLIPPER,CLIPPER
NISSAN,VANETTE LARGO,VANETTE
NISSAN,UA-FB15 SUNNY,SUNNY
NISSAN,UB-VFY11,AD WAGON
NISSAN,LEAF,LEAF
NISSAN,VANETTE MAINTANANCE,VANETTE
NISSAN,KG-CWGE25 CARAVAN,CARAVAN
NISSAN,DAYS,DAYZ
NISSAN,GBD-U71V CLIPPER,CLIPPER
NISSAN,CB12-SUNNY,SUNNY
NISSAN,QASHQAI TEKNA DIG-T CVT,QASHQAI
NISSAN,ABF-SK82VN,VANETTE
NISSAN,KR-SKF2MN,VANETTE
NISSAN,EBD-DR17V,CLIPPER
NISSAN,SUNNY WSBIHUG,SUNNY
NISSAN,PULSAR-HN 12,PULSAR
NISSAN,CEFIRO AUTO,CEFIRO
NISSAN,QASHQAI TEKNA,QASHQAI
NISSAN,VENETTE,VANETTE
NISSAN,TA-K11,MARCH
NISSAN,DAYZ,DAYZ
NISSAN,HBD-DR64V CLIPPER,CLIPPER
NISSAN,LDF-CW4E26 CARAVAN,CARAVAN
NISSAN,DBA-B21W DAYZ,DAYZ
NISSAN,EBD-DR16T NT100 CLIPPER DX,CLIPPER
NISSAN,HA31 CEFIRO,CEFIRO
NISSAN,HBD-DR17V CLIPPER NV100,NV100
NISSAN,VYGE24-CLOSED,CARAVAN
NISSAN,KG-VWE25 CARAVAN,CARAVAN
NISSAN,TA-NT30,X-TRAIL
NISSAN,FN14-PULSER,PULSAR
NISSAN,LDF-VW2E26 CARAVAN,CARAVAN
NISSAN,TC-SK82VN,VANETTE
NISSAN,KG-CWGE25,CARAVAN
NISSAN,YU12 BLUEBIRD,BLUEBIRD
NISSAN,VANETTE-KJ-SK22VN,VANETTE
NISSAN,PRIMERA CAMINO,PRIMERA
NISSAN,UA-QP12,PRIMERA
NISSAN,E-FB13,SUNNY
NISSAN,S-VVJC23,SERENA
NISSAN,HBD-DR17V CLIPPER,CLIPPER
NISSAN,DBA-B21A DAYS ROOX,DAYZ
NISSAN,KRSKF2VN VANETTE,VANETTE
NISSAN,PULSER-N14,PULSAR
NISSAN,ADF-SKF2MN-VANETTE,VANETTE
NISSAN,ABF-SK82VN VANETTE,VANETTE
NISSAN,ADF-SKF2VN-VANETTE,VANETTE
NISSAN,CEFIRO 230SM,CEFIRO
NISSAN,PREMERA,PRIMERA
NISSAN,LDF-VW6E26 CARAVAN,CARAVAN
NISSAN,TA-TP12-PRIMERA,PRIMERA
NISSAN,LC-VPE25 CARAVAN,CARAVAN
NISSAN,KG-VWMG24,CARAVAN
NISSAN,VUJC22 VANETTE,VANETTE
NISSAN,EU13,BLUEBIRD
NISSAN,X-SB13 SUNNY,SUNNY
NISSAN,TA-QGE25R,CARAVAN
NISSAN,BCAU13-BLUEBRID,BLUEBIRD
NISSAN,SUNNY-HB11,SUNNY
NISSAN,CARAVAN KG-VWE24,CARAVAN
NISSAN,NAVARA PICKUP,NAVARA
NISSAN,VNETTE GC-SK82VN,VANETTE
NISSAN,SYLPHY,SYLPHY
NISSAN,EBD-DR17V CLIPPER,CLIPPER
NISSAN,HBD-DR17V CILIPPER,CLIPPER
NISSAN,DAA HNT32 X-TRAIL,X-TRAIL
NISSAN,KR-SKF2TN,VANETTE
NISSAN,BDAU13 BLUEBRID,BLUEBIRD
NISSAN,KG-VWMGE24,CARAVAN
NISSAN,E-B13-CLOSED,SUNNY
NISSAN,KG-GWGE25 CARAVAN,CARAVAN
NISSAN,UU12-BLUEBIRD,BLUEBIRD
NISSAN,DBA-QG10,BLUEBIRD
NISSAN,KG-VWE24,CARAVAN
NISSAN,MARCH K12,MARCH
NISSAN,LDF-VW2E26 NV350,CARAVAN
NISSAN,GBD-U71T CLIPPER,CLIPPER
NISSAN,DBA-NT31,X-TRAIL
NISSAN,ADF-VW25,CARAVAN
NISSAN,CARAVAN KG-CWGE24,CARAVAN
NISSAN,PULSER FNN14,PULSAR
NISSAN,NAVARA D/C OUTLAW,NAVARA
NISSAN,PETROL SAFARI,PATROL
NISSAN,WINGROAD UA-WFY11,WINGROAD
NISSAN,GBD-U72V CLIPPER,CLIPPER
NISSAN,GF-FNB15,SUNNY
NISSAN,VWGE24,CARAVAN
NISSAN,VUGJC22,VANETTE
NISSAN,Q-SB13,SUNNY
NISSAN,X-TRAIL 2.5A,X-TRAIL
NISSAN,AD WAGON DIESEL - MANNUAL,AD WAGON
NISSAN,ZAA- AZEO- LEAF,LEAF
NISSAN,AD WAGON PETROL - AUTO,AD WAGON
NISSAN,AD WAGON PETROL - MANNUAL,AD WAGON
NISSAN,FB14 PETROL-MANNUAL,SUNNY
NISSAN,AD WAGON DIESEL - AUTO,AD WAGON
NISSAN,FB15 EX SALOON-MANNUAL,FB 15
NISSAN,FB15 SUPER SALOON-MANNUAL,FB 15
NISSAN,LDF-CWGE25 CARAVAN,CARAVAN
NISSAN,MARCH BOLERO,MARCH
NISSAN,TC.SK82TN/V ANETTE,VANETTE
NISSAN,FB15 EX SALOON-AUTO,FB 15
NISSAN,SUNNY VY10,SUNNY
NISSAN,E.FB14 SUNNY,SUNNY
NISSAN,X-TRAIL JEEP TA-NT30,X-TRAIL
NISSAN,PULSAR FN15,PULSAR
NISSAN,VWE25-132914,CARAVAN
NISSAN,CQGE25 CARAVAN,CARAVAN
NISSAN,E-B12,SUNNY
NISSAN,LEAF ZEO,LEAF
NISSAN,GF-WEY11,WINGROAD
NISSAN,GC.SK82VN.VANETTE,VANETTE
NISSAN,FB15 SUPER SALOON-AUTO,FB 15
NISSAN,B15 EX SALOON-AUTO,SUNNY
NISSAN,B15 SUPER SALOON-AUTO,SUNNY
NISSAN,SLPHY UA-QG 10,SYLPHY
NISSAN,X TRAIL NT31,X-TRAIL
NISSAN,HBD-DR17V-2WD,CLIPPER
NISSAN,SUNNY UA-FB 15,FB 15
NISSAN,CARAVAN CRGE24 HIGHROOF,CARAVAN
NISSAN,E-FB13,SUNNY
NISSAN,KQ SKF2VN VANETTE,VANETTE
NISSAN,GF-K11,MARCH
NISSAN,VANETTE MAINTANWORK,VANETTE
NISSAN,FB 15,FB 15
NISSAN,VANETTE NV200 DBF-VM20,VANETTE
NISSAN,NAVARA OUTLAW,NAVARA
NISSAN,TA-B15,SUNNY
NISSAN,ABF-SKP2TN,VANETTE
NISSAN,NAVARA 4WD,NAVARA
NISSAN,NAVARA DCISE,NAVARA
NISSAN,WFY10-SUNNY,SUNNY
NISSAN,ADF-SKF2VNA2W,VANETTE
NISSAN,GE-CPGE24,CARAVAN
NISSAN,SUNNY UA-FB15,SUNNY
NISSAN,BLUEBIRD SYLPHY QG10,BLUEBIRD
NISSAN,GE-VPE25,CARAVAN
NISSAN,NAVARA OUTLA WD/CDCI,NAVARA
NISSAN,VANETTE UGJC22,VANETTE
NISSAN,CARAVAN GE-VPGE24,CARAVAN
NISSAN,DAA-HFC26-SERENA,SERENA
NISSAN,VANETTE STEEL,VANETTE
NISSAN,SUNNY METAL,SUNNY
NISSAN,BDA-B21W DAYS,DAYZ
NISSAN,ABF SKP2TN-VANETTE,VANETTE
NISSAN,E-K10-MARCH,MARCH
NISSAN,LDF-VWE25 CARVAN,CARAVAN
NISSAN,CBA-NT30,X-TRAIL
NISSAN,GF-PR11,PRESEA
NISSAN,SUNNY GF-B15,SUNNY
NISSAN,SUNNY GF-FB15,SUNNY
NISSAN,UN 13,BLUEBIRD
NISSAN,AD WEGON,AD WAGON
NISSAN,4WD (DOUBLE CAB),DOUBLE CAB
NISSAN,ABA-DR17W RIO,CLIPPER
NISSAN,DBA-B21A DAYZ,DAYZ
NISSAN,GE-SK82MN,VANETTE
NISSAN,VANETTE KR-SKF2V,VANETTE
NISSAN,VJGE24,CARAVAN
NISSAN,KG-VWME25,CARAVAN
NISSAN,KC-VRE24,CARAVAN
NISSAN,CARAVAN VTGE24,CARAVAN
NISSAN,KR-CWGE25,CARAVAN
NISSAN,EBD-DR64V CLIPPER,CLIPPER
NISSAN,CEFIRO 350JM,CEFIRO
NISSAN,KR.SKF2MN VANETTE,VANETTE
NISSAN,SERENA LX,SERENA
NISSAN,CARAVAN VWE25,CARAVAN
NISSAN,CARAVAN VRMGE24,CARAVAN
NISSAN,CARAVAN VRE24,CARAVAN
NISSAN,DAA-HNT32 X TRAIL,X-TRAIL
NISSAN,VANETTE 4WD,VANETTE
NISSAN,SUNNY SB 12,SUNNY
NISSAN,WB12FU-SUNNY,SUNNY
NISSAN,KQ-SKF2TN,VANETTE
NISSAN,DAB-Y12 WINGROAD,WINGROAD
NISSAN,PULSAR SRV,PULSAR
NISSAN,B21W-0621227,DAYZ
NISSAN,DBF-VM20 GX,VANETTE
NISSAN,MBD-DR1TV CLIPPER,CLIPPER
NISSAN,DBA-SC11 TIIDA LATIO,TIIDA
NISSAN,PRESSIA,PRESEA
NISSAN,K11,MARCH
NISSAN,VANETTE VUJC 2,VANETTE
NISSAN,SUNNY 1.5,SUNNY
NISSAN,ABA-DR17W CLIPPER RIO,CLIPPER
NISSAN,GBD-U72T FREEZER,CLIPPER
NISSAN,VW25E26 CARAVAN,CARAVAN
NISSAN,CARAVAN VYGE24,CARAVAN
NISSAN,MARCH AK12,MARCH
NISSAN,CARAVAN  VYGE23,CARAVAN
NISSAN,KQ SKF2TN VANETTE,VANETTE
NISSAN,PULSUR SN15,PULSAR
NISSAN,KB-VUJC22,VANETTE
NISSAN,GBD-U717,CLIPPER
NISSAN,PULSAR-FN14,PULSAR
NISSAN,KR SKF2LN,VANETTE
NISSAN,DBF-VM20 VANNET,VANETTE
NISSAN,N- CRGE24,CARAVAN
NISSAN,ADF-VWME25 CARAVAN,CARAVAN
NISSAN,CARAVAN FOUR DOORS,CARAVAN
NISSAN,SU14 BLUEBIRD,BLUEBIRD
NISSAN,GBD-U71V NV100,NV100
NISSAN,HBD-DR17V NV100,NV100
NISSAN,NV200(DBF-VM20),VANETTE
NISSAN,UA-FB15 SUNNY,SUNNY
NISSAN,E-FNB13,SUNNY
NISSAN,TA-T30-JEEP,X-TRAIL
NISSAN,HBD.DR64V NV100,NV100
NISSAN,KR-DWGE25,CARAVAN
NISSAN,WB12 SUNNY,SUNNY
NISSAN,FRONTIER NAVARA,NAVARA
NISSAN,LE-U7IT CLIPPER,CLIPPER
NISSAN,CARAVAN ARGE24,CARAVAN
NISSAN,X TRAIL LDA-DNT31,X-TRAIL
NISSAN,SUNNY-UA-FB15,SUNNY
NISSAN,U-VRE24,CARAVAN
NISSAN,HU14,BLUEBIRD
NISSAN,CBA-SGE25 CARAVAN,CARAVAN
NISSAN,AD WAGON TB-VY11,AD WAGON
NISSAN,CARAVAN  CYGE24,CARAVAN
NISSAN,LDF-VWME25 CARAVAN,CARAVAN
NISSAN,GF-FN15,PULSAR
NISSAN,SUNNY VIP A,SUNNY
NISSAN,TEANA,TEANA
NISSAN,GF-FB15,SUNNY
NISSAN,SUNNY LE 1.6 A,SUNNY
NISSAN,NAVARA PLATIONUM,NAVARA
NISSAN,VENATTE,VANETTE
NISSAN,CRGE-24,CARAVAN
NISSAN,Q-ARGE24,CARAVAN
NISSAN,EBD-DR16T CLIPPER,CLIPPER
NISSAN,ABA-DR17W-NV100,NV100
NISSAN,B14,SUNNY
NISSAN,SERINA VX,SERENA
NISSAN,KG-CWMGE25,CARAVAN
NISSAN,DBA-B21W,DAYZ
NISSAN,SUNNY 1.6 EXA,SUNNY
NISSAN,HBD-DR64V DX,CLIPPER
NISSAN,CBAFG10BLUEBIRDSYLPH,BLUEBIRD
NISSAN,DBA-T31,X-TRAIL
NISSAN,NAVARA EXPEDITION,NAVARA
NISSAN,K11-1Z MARCH,MARCH
NISSAN,CARAVAN KG-VWMGE24,CARAVAN
NISSAN,DOUBLE CAB KC-LRMD2,DOUBLE CAB
NISSAN,KC-VWGE24,CARAVAN
NISSAN,BAAB14-SUNNY,SUNNY
NISSAN,WHB12-SUNNY,SUNNY
NISSAN,BLUEBIRD 1.5,BLUEBIRD
NISSAN,HBD-DR64 CLIPPER,CLIPPER
NISSAN,DBA-K-13 MARCH,MARCH
NISSAN,E-HK11,MARCH
NISSAN,CBD-U71T CLIPPER,CLIPPER
NISSAN,SU13BLUEB1RD,BLUEBIRD
NISSAN,LDF-CWMGE25,CARAVAN
NISSAN,KUGC22,VANETTE
NISSAN,DBA-TB17 SILPHY,SYLPHY
NISSAN,X-TRAL UA-NT30,X-TRAIL
NISSAN,SUNNY GF FB15,SUNNY
NISSAN,CARAVAN-KRGE24,CARAVAN
NISSAN,CARAVAN DRGE24,CARAVAN
NISSAN,MARCH HK11,MARCH
NISSAN,VANETTE C22,VANETTE
NISSAN,VANETTE VUC22,VANETTE
NISSAN,SUNNY QB15,SUNNY
NISSAN,CLIPPER U71V,CLIPPER
NISSAN,DBA-AK12 MARCH,MARCH
NISSAN,GF-FB15,SUNNY
NISSAN,CARAVAN CSGE25,CARAVAN
NISSAN,X TRAIL HT32,X-TRAIL
NISSAN,WINGROAD DBA Y12,WINGROAD
NISSAN,SERENA VAJC23,SERENA
NISSAN,KR-CWGE25 CARAVAN,CARAVAN
NISSAN,CARAVAN VWE24,CARAVAN
NISSAN,FB14 PETROL - AUTO,SUNNY
NISSAN,FB14,SUNNY
NISSAN,HOMY,CARAVAN
NISSAN,CARAVAN VWGE 24,CARAVAN
PERODUA,KELISA,KELISA
PERODUA,VIVA ELITE STD,VIVA ELITE
PERODUA,VIVA ELITE AMIGXG,VIVA ELITE
PERODUA,VIVA ELITE AMIEZG,VIVA ELITE
PERODUA,KELISA EZL,KELISA
PERODUA,VIVA ELITE AMIEZT,VIVA ELITE
PERODUA,AXIA 1000CC,AXIA
PERODUA,AXIA STANDARD G,AXIA
PERODUA,VIVA ELITE AMIZHG,VIVA ELITE
PERODUA,VIVA ELITE AMIZHT,VIVA ELITE
PERODUA,G1GZ-AXIA,AXIA
PERODUA,KELISA EZ A,KELISA
PERODUA,AXIA AG1GZ1,AXIA
PERODUA,BEZZA 1.0,BEZZA
PERODUA,GIGZ-AXIA,AXIA
PERODUA,AQ1GZ-BEZZA,BEZZA
PERODUA,AQIOZ-BEZZA,BEZZA
PERODUA,BEZZA AQIGZ 1000cc PETROL STANDARD G,BEZZA
PERODUA,"AXIA 1000CC, PETROL, STANDARD G",AXIA
PERODUA,BEZZA,BEZZA
PERODUA,VIVA ELITE-AMIGXT,VIVA ELITE
PERODUA,KELISA AHIZO,KELISA
PERODUA,VIVA ELITE AMIGXO,VIVA ELITE
PERODUA,VIVA ELITE AMIGXT,VIVA ELITE
PERODUA,AGIGZ AXIA,AXIA
PERODUA,AXIA STYLE,AXIA
PERODUA,KELISA GX M,KELISA
PERODUA,AGIGZI AXIA,AXIA
SUZUKI,ALTO,ALTO
SUZUKI,ALTO - INDIAN,ALTO LXI
SUZUKI,800C,MARUTI
SUZUKI,SWIFT,SWIFT
SUZUKI,ZEN,ZEN
SUZUKI,MARUTI 800,MARUTI
SUZUKI,WAGON R,WAGON R
SUZUKI,ESCUDO,VITARA
SUZUKI,ESTILO,ESTILO
SUZUKI,A-STAR,A-STAR
SUZUKI,EVERY,EVERY
SUZUKI,OMINI,MARUTI
SUZUKI,JOINT,EVERY
SUZUKI,WAGON R,WAGON R
SUZUKI,ALTO LXI SPORTZ,ALTO
SUZUKI,A-STAR VXI,MARUTI
SUZUKI,ALTO K10,ALTO
SUZUKI,SUZUKI A-STAR,A-STAR
SUZUKI,A- STAR,A-STAR
SUZUKI,SWIFT VXI,SWIFT
SUZUKI,ZEN ESTILO,ESTILO
SUZUKI,800,MARUTI
SUZUKI,SWIFT INDIAN,SWIFT
SUZUKI,ALTO K10 VXI,ALTO K10
SUZUKI,MARUTI VAN,MARUTI
SUZUKI,SPORTZ,SWIFT
SUZUKI,OMINI 800,MARUTI
SUZUKI,SPECIAL EDITION ALTO LXI,ALTO LXI
SUZUKI,ALTO LXI 800CC,ALTO LXI
SUZUKI,MARUTI ALTO LXI,ALTO LXI
SUZUKI,ZEN-ESTILO VXI,ESTILO
SUZUKI,ALTO K10-VXI,ALTO K10
SUZUKI,SB308-IN,MARUTI
SUZUKI,HE21S,ALTO
SUZUKI,SWIFT ZXI,SWIFT
SUZUKI,IGNIS 1.3A,MARUTI
SUZUKI,LA HA23S,ALTO
SUZUKI,WAGON R VXI,WAGON R
SUZUKI,ALTO - K10,ALTO K10
SUZUKI,LA-HT51S,SWIFT
SUZUKI,SUZUKI OMNI,MARUTI
SUZUKI,DBA ZC71S,SWIFT
SUZUKI,SWIFT DZIRE VXI,SWIFT
SUZUKI,ESTEEM VXI,MARUTI
SUZUKI,EVERY EBD-DA64V,EVERY
SUZUKI,MARUTI 410,MARUTI
SUZUKI,EVERY GD-DA52V,EVERY
SUZUKI,ZENVXI,MARUTI
SUZUKI,DBA-HA25S,ALTO
SUZUKI,ALTO VXI,ALTO
SUZUKI,WAGON VXI,WAGON R
SUZUKI,LIANA,LIANA
SUZUKI,RITZ VXI,MARUTI
SUZUKI,MARUTI 800 ULTIMATE,MARUTI
SUZUKI,SUZUKI SWIFT,SWIFT
SUZUKI,ZEN ESTILO,ESTILO
SUZUKI,UA-HT51S,SWIFT
SUZUKI,LE-DA62V,EVERY
SUZUKI,GYPSY S/T,MARUTI
SUZUKI,DBA-HA24S ALTO,ALTO
SUZUKI,GRAND VITARA,GRAND VITARA
SUZUKI,SJ41-IN,JIMNY
SUZUKI,LA-HA238,ALTO
SUZUKI,SWIFT DZIRE ZXI,SWIFT
SUZUKI,DBA-ZC11S,SWIFT
SUZUKI,SWIFT,SWIFT
SUZUKI,EBD -DA64V,EVERY
SUZUKI,A - STAR- 2XI,A STAR
SUZUKI,CBA-HA 24 S,ALTO
SUZUKI,SB305R,ALTO
SUZUKI,EVERY LE-DA62V,EVERY
SUZUKI,ALTO LXI,ALTO LXI
SUZUKI,SB308,ALTO
SUZUKI,ALTO LXI-800,ALTO LXI
SUZUKI,SWIFT 1.5 VVT,SWIFT
SUZUKI,AERIO,LIANA
SUZUKI,SWIFT VXI SUZUKI,SWIFT
SUZUKI,EVERY TE-DA62V,EVERY
SUZUKI,CULTUS,CULTUS
SUZUKI,ALTO DELUXE,ALTO DELUXE
SUZUKI,800AC,MARUTI
SUZUKI,BLAENO,BELENO
SUZUKI,800CC,MARUTI
SUZUKI,A STAR VXI,A STAR
SUZUKI,VITARA,VITARA
SUZUKI,A-STAR-ZXI,A-STAR
SUZUKI,MARUTI A-STAR VXI,A STAR
SUZUKI,SB308-IN,MARUTI
SUZUKI,ALTO 800CC,ALTO
SUZUKI,ALTO INDIAN,ALTO LXI
SUZUKI,LA-MA64S,WAGON R
SUZUKI,ZEN ESTILO VXI,ESTILO
SUZUKI,VITARA JEEP,VITARA
SUZUKI,UA HT51S SWIFT,SWIFT
SUZUKI,HA23S,ALTO
SUZUKI,VDE51V,EVERY
SUZUKI,ALTO 800 LXI,ALTO
SUZUKI,EVERY EDB-DA64V,EVERY
SUZUKI,ALTO SPORT 800CC,ALTO
SUZUKI,CELERIO VXI AMT,CELERIO VXI
SUZUKI,CD-DB52V,EVERY
SUZUKI,CELERIO VXI AT,CELERIO VXI
SUZUKI,HBD-HA25V,ALTO
SUZUKI,CELERIO VXI,CELERIO VXI
SUZUKI,V-DE51V-EVERY,EVERY
SUZUKI,WAGON R STINGRAY,WAGON R STINGRAY
SUZUKI,SPORTZ PLUS,SWIFT
SUZUKI,CELERIO LXI,CELERIO VXI
SUZUKI,CELERIO,CELERIO VXI
SUZUKI,UA-MA34S,WAGON R
SUZUKI,DBA-SC71S,SWIFT
SUZUKI,CELERIO ZXI M/T,CELERIO VXI
SUZUKI,EVERY HBD-DA64V,EVERY
SUZUKI,ALTO SPORT PLUS,ALTO
SUZUKI,ALTO VXI,ALTO
SUZUKI,GBD-HA24V,ALTO
SUZUKI,MARUTI ERTIGA ZXI,MARUTI
SUZUKI,HBD-DA64V,EVERY
SUZUKI,DBA-ZC71S,SWIFT
SUZUKI,DAA-MH44S,WAGON R
SUZUKI,ALTO LXI 800 SPORT PLUS,ALTO LXI
SUZUKI,MARUTI SWIFT VXI,SWIFT
SUZUKI,LA-MA34S,WAGON R
SUZUKI,DAA-MH44S-WAGON R,WAGON R
SUZUKI,CELERIO ZXI,CELERIO 
SUZUKI,JIMMY,JIMNY
SUZUKI,CELERIO LXI MT,CELERIO
SUZUKI,ALTO GL,ALTO
SUZUKI,ALTO K10 VXI MT,ALTO K10
SUZUKI,WAGON R J-STYLE,WAGON R
SUZUKI,CORSA,WAGON R
SUZUKI,GD-DB52V ARARI,EVERY
SUZUKI,DAA-MK42S,SPACIA
SUZUKI,WAGON R HYBRID,WAGON R
SUZUKI,HUSTLER,HUSTLER
SUZUKI,ALTO K10 VXI AMT,ALTO K10
SUZUKI,ALTO K10 VXI AMT,ALTO K10
SUZUKI,DAA-MH44SS-WAGON R FZ HYBRID,WAGON R FZ
SUZUKI,HBD-DA17V,EVERY
SUZUKI,ABA-HA23S,ALTO
SUZUKI,DAA-MH41S HUSTLER,HUSTLER
SUZUKI,DZIRE VXI 1200CCM,MARUTI
SUZUKI,DAA-MR41S HUSTLER X,HUSTLER
SUZUKI,UDA52V,EVERY
SUZUKI,DBA-HA36S,ALTO
SUZUKI,CRESENT,CULTUS
SUZUKI,BALENO ZETA CVT,BELENO
SUZUKI,JIMNY,JIMNY
SUZUKI,SPACIA X,SPACIA
SUZUKI,SPACIA G,SPACIA
SUZUKI,SPACIA HYBRID,SPACIA
SUZUKI,DAA-MK22S,SPACIA
SUZUKI,TA-MF21S,WAGON R
SUZUKI,CELERIO ZXI AMT (O),CELERIO 
SUZUKI,DBA-HA35S,ALTO
SUZUKI,DAA-MH55S,WAGON R
SUZUKI,E-AB34S,CULTUS
SUZUKI,STINGRAY VXI AGS (O),MARUTI
SUZUKI,BALENO,BELENO
SUZUKI,SPACIA CUSTOM XS,SPACIA
SUZUKI,WAGON R FZ,WAGON R FZ
SUZUKI,DAA-ZC53S,SWIFT
SUZUKI,DAA-MH44S-WAGON-R-FX LIMITED-HYBRID,WAGON R FX
SUZUKI,SPACIA CUSTOM,SPACIA
SUZUKI,HBD-DR17V,EVERY
SUZUKI,GD-HA12V,ALTO
SUZUKI,DAA-MR41S HUSTLER,HUSTLER
SUZUKI,TE-DA62V-EVERY,EVERY
SUZUKI,SWIFT DZIRE,SWIFT
SUZUKI,GF-DA52W,EVERY
SUZUKI,EBD-DA17V,EVERY
SUZUKI,GBD-DA17V,EVERY
SUZUKI,DAA-MK42S SPACIA,SPACIA
SUZUKI,UA-MC22S,WAGON R
SUZUKI,GBD-DA64V,EVERY
SUZUKI,TA-JB43W,JIMNY
SUZUKI,CRESENT CULTUS,CULTUS
SUZUKI,SOLIO,WAGON R
SUZUKI,LA-HA23S,ALTO
SUZUKI,DAA MK42S SPACIA- G LIMITED,SPACIA
SUZUKI,DAA-ZC53S SWIFT RS HYBRID,SWIFT
SUZUKI,HBD-HA36V ALTO VP,ALTO
SUZUKI,HBD-EVERY JOIN,EVERY
SUZUKI,WAGON R PREMIUM HYBRID,WAGON R
SUZUKI,DBA-ZC13S SWIFT RS,SWIFT
SUZUKI,CBA-WB42S (BALENO),BELENO
SUZUKI,ALTO ECO,ALTO
SUZUKI,ABA-DA17W,EVERY
SUZUKI,ABA-HE21S,ALTO
SUZUKI,DBA-ZC13S,SWIFT
SUZUKI,DBA-ZC53S SWIFT,SWIFT
SUZUKI,ABA-JB23W,JIMNY
SUZUKI,HA36S,ALTO
SUZUKI,LIANA 1.3MT,LIANA
SUZUKI,STINGRAY X,WAGON R
SUZUKI,DAA-MK42S SPACIA X,SPACIA
SUZUKI,MH55S,WAGON R
SUZUKI,SWIFT HYBRID,SWIFT
SUZUKI,DAA-ZC53C,SWIFT
SUZUKI,DBA-ZC72S,SWIFT
SUZUKI,EVERY (GD-DB52V),EVERY
SUZUKI,ALTO,ALTO
SUZUKI,WAGON R FX,WAGON R FX
SUZUKI,ABA-DA17W (EVERY WAGON),EVERY
SUZUKI,DBA-MH34S,WAGON R
SUZUKI,SPACIA DAA-MK53S,SPACIA
SUZUKI,DBA-MH35S,WAGON R
SUZUKI,DAA-MR41S,WAGON R
SUZUKI,MH44S,WAGON R
SUZUKI,STINGRAY,WAGON R
SUZUKI,DBA-HA36S-ALTO,ALTO
SUZUKI,DA17V,EVERY
SUZUKI,SPACIA CUSTOM Z,SPACIA
SUZUKI,SUZUKI FZ,WAGON R FZ
SUZUKI,CBA-WB42S,BELENO
SUZUKI,SPACIA COSTOM Z DAA-MK42S,SPACIA
SUZUKI,SPACIA,SPACIA
SUZUKI,WAGON R PREMIUM,WAGON R
SUZUKI,EVERY DA 17V,EVERY
SUZUKI,DAA-MA36S SOLIO,WAGON R
SUZUKI,WAGAN,WAGON R
SUZUKI,DBA-H36S,ALTO
SUZUKI,MK42S,SPACIA
SUZUKI,DAA-MH55S WAGON R STINGRAY,WAGON R STINGRAY
SUZUKI,WAGON R 650CC,WAGON R
SUZUKI,WAGON R STINGRAY X,WAGON R STINGRAY
SUZUKI,WAGON R FZ SAFETY,WAGON R FZ SAFETY
SUZUKI,DAA-MH55S WAGON R FZ SAFETY PACKAGE,WAGON R FZ SAFETY
SUZUKI,HBD-DA17V EVERY,EVERY
SUZUKI,DAA-MH55S WAGON R FZ,WAGON R FZ
SUZUKI,DAA-MH55S WAGON R FX,WAGON R FX
SUZUKI,DAA-MK53S,SPACIA
SUZUKI,HUSTLER HYBRID,HUSTLER
SUZUKI,CELERIO X ZXI AMT (O),CELERIO
SUZUKI,WAGON R HYBRID FZ,WAGON R FZ
SUZUKI,DBA-ZC13S SWIFT,SWIFT
SUZUKI,SPACIA XS TURBO,SPACIA
SUZUKI,WAGON R-VXI,WAGON R
SUZUKI,WAGON R HYBRID DAA-MH55S,WAGON R
SUZUKI,WAGON R FZ MH55S,WAGON R FZ
SUZUKI,HBD-HA36V ALTO,ALTO
SUZUKI,DAA-MH55S STINGRAY,WAGON R
SUZUKI,DAA-MK55S WAGON R,WAGON R
SUZUKI,WAGON R STINGRAY HYBRID X,WAGON R STINGRAY
SUZUKI,SWIFT ZC13S RS TURBO,SWIFT
SUZUKI,DAA-MH55S WAGON R HYBRID FX,WAGON R FX
SUZUKI,CELRIO X ZXI (O) AGS,CELERIO
SUZUKI,DBA-HE22S,ALTO
SUZUKI,EVERY WAGON,EVERY
SUZUKI,WAGON R FX SAFETY,WAGON R FX SAFETY
SUZUKI,ABA-HA23S ALTO,ALTO
SUZUKI,HUSTLER J-STYLE (DAA-MR41S),HUSTLER
SUZUKI,ALTO LXI 800,ALTO LXI
SUZUKI,HBD-HA36V,ALTO
SUZUKI,HBD-DA17V EVERY PC GRADE,EVERY
SUZUKI,ALTO 800 VXI,ALTO
SUZUKI,CELERIO X ZXI (O),CELERIO
SUZUKI,DAA-MH55S WAGON R HYBRID FZ,WAGON R FZ
SUZUKI,ABA-DA17W (EVERY),EVERY
SUZUKI,DBA-HA24S,ALTO
SUZUKI,DAA-MK53S SPACIA CUSTOM,SPACIA
SUZUKI,SA 310 GL,SPACIA
SUZUKI,DAA MK42S CUSTOM GS,SPACIA
SUZUKI,GDDA52V,EVERY
SUZUKI,EBD-DA64,EVERY
SUZUKI,ALTO L,ALTO
SUZUKI,HBD- EVERY,EVERY
SUZUKI,EBD-DA17W,EVERY
SUZUKI,HBD-KDA64V EVERY,EVERY
SUZUKI,EBD-DA17V / EVERY,EVERY
SUZUKI,WAGON R-TURBO,WAGON R
SUZUKI,GA-DA52V,EVERY
SUZUKI,DAA-MH44S WAGON R FZ,WAGON R FZ
SUZUKI,WAGON R STTINGRAY T,WAGON R
SUZUKI,PC MODEL EVERY VAN,EVERY
SUZUKI,WAGON R HYBRID DAA . MH44S,WAGON R
SUZUKI,DBA-MH34S WAGON R,WAGON R
SUZUKI,DAA-MH44S J STYLE,WAGON R
SUZUKI,DAA-MH44S WAGON R FX LIMITED,WAGON R FX
SUZUKI,DAA-MK42S (SPACIA CUSTOM),SPACIA
SUZUKI,DA64V,EVERY
SUZUKI,DAA-MH55S WAGON R,WAGON R
SUZUKI,ALTO RS,ALTO
SUZUKI,DAA - ZC53S SWIFT,SWIFT
SUZUKI,MH55S WAGON - R,WAGON R
SUZUKI,FX,WAGON R FX SAFETY
SUZUKI,MK53S SPACIA HYBRID,SPACIA
SUZUKI,DAA-MH55S WAGON R FXD,WAGON R FX
SUZUKI,DBA-ZC71S SWIFT,SWIFT
SUZUKI,GH-HT51S,SWIFT
SUZUKI,DAA-MH55S-WSTB-AJ,WAGON R FX
SUZUKI,SWIFT RS,SWIFT
SUZUKI,EVERY JOIN,EVERY
SUZUKI,SPACIA XS TURBO CUSTOM,SPACIA
SUZUKI,DBA-HA35S ALTO,ALTO
SUZUKI,WAGON R HYBRID FZ SAFETY,WAGON R FZ SAFETY
SUZUKI,CELERIOX ZXI(O) AGS,CELERIO
SUZUKI,DAA-ZC 53S SWIFT,SWIFT
SUZUKI,DAA-MK42S(SPACIA XS TURBO HYBRID),SPACIA
SUZUKI,CELERIO X ZXI (O) AGS,CELERIO
SUZUKI,DAA-MK42S SPACIA HYBRID,SPACIA
SUZUKI,HBD-DA17V EVERY VAN,EVERY
SUZUKI,WAGONR STINGRAY HYBRID,WAGON R
SUZUKI,DAA-MH55S HYBRID,WAGON R
SUZUKI,DAA-MH44S WAGON R STINGRAY,WAGON R STINGRAY
SUZUKI,ABA-DA17W WAGON,WAGON R
SUZUKI,SS40,WAGON R
SUZUKI,DBA-HA25S ALTO,ALTO
SUZUKI,STINGRAY TURBO,WAGON R
SUZUKI,WAGON R STINGRAY T / DAA-MH55S,WAGON R STINGRAY
SUZUKI,DAA-MH55S WAGON R HYBRID FX NON SAFETY,WAGON R FX
SUZUKI,DAA-ZC43S SWIFT,SWIFT
SUZUKI,WIDE,WIDE
SUZUKI,GBD-HA24V ALTO,ALTO
SUZUKI,WAGON R FX NON SAFETY,WAGON R FX
SUZUKI,DBA-ZC11S SWIFT,SWIFT
SUZUKI,WAGON R STINGRAY X (DAA-MH55S),WAGON R STINGRAY
SUZUKI,SWIFT RS TURBO,SWIFT
SUZUKI,ACTO,ALTO
SUZUKI,DAA-MH44 S WAGONR C,WAGON R
SUZUKI,HBD-DA64V EVERY JOIN,EVERY
SUZUKI,DAA-MK53S SPACIA HYBRID,SPACIA
SUZUKI,DBA-MH55S,WAGON R
SUZUKI,HBD-DA17V EVERY JOIN VAN,EVERY
SUZUKI,WAGON R FZ SAFETY DAA-MH55S,WAGON R FZ SAFETY
SUZUKI,DBA-ZC72S SWIFT,SWIFT
SUZUKI,VITARA SZ-T,VITARA
SUZUKI,ABD-DA17W,EVERY
SUZUKI,GD-DA52V,EVERY
SUZUKI,STINGRAY HYBRID,WAGON R
SUZUKI,DAA-ZC43S,SWIFT
SUZUKI,WAGON R X (DAA-MH55S),WAGON R
SUZUKI,DAA-MK42S SPACIA CUSTOM Z HYBRID,SPACIA
SUZUKI,DAA-MH55S WAGON R HYBRID (STINGRAY),WAGON R
SUZUKI,JIMNY JEEP,JIMNY
SUZUKI,DBA-ZC53S,SWIFT
SUZUKI,ABA-DA17W EVERY WAGO,EVERY
SUZUKI,EVERY CARGO,EVERY
SUZUKI,SJ41-DN,JIMNY
SUZUKI,BALINO,BALENO
SUZUKI,GRAND VITARA 2.0VVT,GRAND VITARA
SUZUKI,SWIFT-GLX,SWIFT
SUZUKI,DBA-HA36S ALTO WORKS,ALTO
SUZUKI,CULTUS AB44S,CULTUS
SUZUKI,DBSA-HA36S,ALTO
SUZUKI,DBA-MH35S WAGONR,WAGON R
SUZUKI,HBD-DR17V EVERY,EVERY
SUZUKI,LIANA 1.3M4,LIANA
SUZUKI,DBH-HA36S ALTO,ALTO
SUZUKI,DAA-MH55S WAGON R,WAGON R
SUZUKI,EBD-A464V EVERY,EVERY
SUZUKI,EVERY ABA-DA64W,EVERY
SUZUKI,CD-DA52V,EVERY
SUZUKI,BALENO 1.0 LTR GLX 6,BALENO
SUZUKI,DAA-MH5S WAGON R,WAGON R
SUZUKI,EBD-DA64V CLIPPER,EVERY
SUZUKI,DBA-ZC13S SWIFT RST,SWIFT
SUZUKI,LIYANA SEDAN,LIANA
SUZUKI,DAA-MK42S SPACIA,SPACIA
SUZUKI,CULTUS (GF GC21S),CULTUS
SUZUKI,GD-DB52V,EVERY
SUZUKI,BALENO ZETA,BALENO
SUZUKI,CBA-MH21S,WAGON R
SUZUKI,HBD-DA17,EVERY
SUZUKI,SWIFT 1.5 OL,SWIFT
SUZUKI,DBA-HA36S ALTO,ALTO
SUZUKI,LIANA 1.3 M,LIANA
SUZUKI,CBA-HA245,ALTO
SUZUKI,GD-DB52V EVERY,EVERY
SUZUKI,GD-DA52V,EVERY
SUZUKI,DBI-HA24S,ALTO
SUZUKI,DBA-HE33S,ALTO
SUZUKI,WAGON R FX MH55S,WAGON R FX
SUZUKI,LA-MA34S SOLIO,WAGON R
SUZUKI,DBA-HA36S-RS TURBO,ALTO
SUZUKI,STINGRAY VXI0,MARUTI
SUZUKI,LA-HT51S SWIFT,SWIFT
SUZUKI,SWIFT Z XI,SWIFT
SUZUKI,SWIFT UA-HT51S,SWIFT
SUZUKI,BALENO GL,BALENO
SUZUKI,ABA-DA64V EVERY,EVERY
SUZUKI,SWIFT- GLX,SWIFT
SUZUKI,DAA-MK53S SPACIA,SPACIA
SUZUKI,SWIFT ZC71S,SWIFT
SUZUKI,EVERY DA64V,EVERY
SUZUKI,EVERY DA17V,EVERY
SUZUKI,FBD.DA64V EVERY,EVERY
SUZUKI,DAA-MH44 WAGON R,WAGON R
SUZUKI,EBD-DA64V,EVERY
SUZUKI,ABA-DA17W EVERY WAGON,EVERY
SUZUKI,CBA-WB42S BALENO,BALENO
SUZUKI,EVERY TRUCK,EVERY
SUZUKI,CBA-ZC31S SWIFT,SWIFT
SUZUKI,BALENO ZETA,BALENO
SUZUKI,HBD-DA17V EVERY (WAGON),EVERY
SUZUKI,VITARA XZ-T,VITARA
SUZUKI,DAA-MH555 WAGON R ST,WAGON R
SUZUKI,DAA-MH44S WAGON R,WAGON R
SUZUKI,UA-HA23S,ALTO
SUZUKI,DAA-ZC53S SWIFT,SWIFT
SUZUKI,DAA-MK 53 S,SPACIA
SUZUKI,HBD-HA25V ALTO,ALTO
SUZUKI,HBD-D17V EVERY,EVERY
SUZUKI,DAA-MH44S STINGRAY,WAGON R
SUZUKI,DAA-HA36S,ALTO
SUZUKI,DAA MH44A WAGON R,WAGON R
SUZUKI,DAA MKI42S SPACIA,SPACIA
SUZUKI,WAGON R DAA-MH44S,WAGON R
SUZUKI,DAA-H55S WAGON R,WAGON R
SUZUKI,HDB-DA17V-EVERY,EVERY
SUZUKI,LA-HA23S ALTO,ALTO
SUZUKI,UA-HT515,SWIFT
SUZUKI,GBD-DA64V EVERY,EVERY
SUZUKI,EVERYVAN,EVERY
SUZUKI,EVERY ( V-DF51V),EVERY
SUZUKI,DAA-MH448 WAGON R,WAGON R
SUZUKI,GBD HA24V ALTO,ALTO
SUZUKI,DBA-HA365S ALTO,ALTO
SUZUKI,DBA-ZC21S SWIFT,SWIFT
SUZUKI,CBA ZC31S SWIFTSPORT,SWIFT
SUZUKI,GF-MA63S,WAGON R
SUZUKI,SWIFT,SWIFT
SUZUKI,V-DF51V,EVERY
SUZUKI,STINGRAY VXI 0,WAGON R
SUZUKI,ZEN ESTILO VXI,ESTILO
SUZUKI,WAGON R FZ MH44S,WAGON R FZ
SUZUKI,SWIFT ZC21S,SWIFT
SUZUKI,SPRESSO VXI,MARUTI
SUZUKI,EVERY DA62V,EVERY
SUZUKI,SPACIA  MK42S,SPACIA
SUZUKI,EVERY DA52V,EVERY
SUZUKI,WAGON R FZ DAAMH55S,WAGON R FZ
SUZUKI,WAGON R MC21S,WAGON R
SUZUKI,EVERY DA17W,EVERY
SUZUKI,BALENO K10C GLX,BALENO
SUZUKI,ALTO HA24S,ALTO
SUZUKI,EBD-DA64V EVERY,EVERY
SUZUKI,EVERY PA 660 AUTO,EVERY
SUZUKI,EVERY DE51V,EVERY
SUZUKI,WAGON R INDIAN,WAGON R
SUZUKI,SWIFT ESTEEM,SWIFT
SUZUKI,LF-DA62V,EVERY
SUZUKI,SWIFT ZC11S,SWIFT
SUZUKI,ALTO LXI,ALTO LXI
SUZUKI,EVERY DA52W,EVERY
SUZUKI,SWIFT VXI,SWIFT
SUZUKI,DAA-ZC53S SWIFT HYBRID,SWIFT
SUZUKI,VITARA SZ-T BOOSTER JET AUTO,VITARA
SUZUKI,LIANA,LIANA
SUZUKI,ALTO SB308GA,ALTO
SUZUKI,ERTIGA ZXI,MARUTI
SUZUKI,MARUTI ERTIGA LXI,MARUTI
TOYOTA,HIACE,HIACE
TOYOTA,AXIO,AXIO
TOYOTA,COROLLA AE 121,COROLLA
TOYOTA,CORROLLA AE 110,COROLLA
TOYOTA,CORROLLA AE 100,COROLLA
TOYOTA,CORROLLA AE 91,COROLLA
TOYOTA,CORROLLA AE 106,COROLLA
TOYOTA,CARENA AE180,CARINA
TOYOTA,CARENA AE192,CARINA
TOYOTA,CARENA AE212,CARINA
TOYOTA,PASSO,PASSO
TOYOTA,CORONA AE180,CORONA
TOYOTA,CORONA AE192,CORONA
TOYOTA,CORONA AE212,CORONA
TOYOTA,STARLET EP91,STARLET
TOYOTA,STARLET EP82,STARLET
TOYOTA,DOUET,DUET
TOYOTA,PRADO,LAND CRUISER
TOYOTA,LAND CRUISER,LAND CRUISER
TOYOTA,VITZ,VITZ
TOYOTA,HIACE LH61,HIACE
TOYOTA,HIACE LH113,HIACE LH113
TOYOTA,HIACE LH172,HIACE
TOYOTA,CR 26,TOWNACE
TOYOTA,CR 27,TOWNACE
TOYOTA,CR 41,NOAH
TOYOTA,KR 41,NOAH
TOYOTA,CR 42,NOAH
TOYOTA,KR 42,NOAH
TOYOTA,NOHA,NOAH
TOYOTA,BELTA,BELTA
TOYOTA,LAND CRUISER,LAND CRUISER
TOYOTA,HILUX LN 106,HILUX
TOYOTA,HILUX LN 107,HILUX
TOYOTA,HILUX LN 141,HILUX
TOYOTA,LH70B,HIACE
TOYOTA,VIGO,HILUX VIGO
TOYOTA,HIACE LH 73,HIACE
TOYOTA,HIACE LH 123,HIACE
TOYOTA,HIACE LH 182,HIACE
TOYOTA,COASTER BUS,COASTER
TOYOTA,TOWNACE,TOWNACE
TOYOTA,DBA-LA300A PIXIS,PIXIS
TOYOTA,TOYOACE,TOYOACE
TOYOTA,ALLION,ALLION
TOYOTA,VIOS,VIOS
TOYOTA,UA-NCP60,IST
TOYOTA,AXIO X DBA-NZE141,AXIO
TOYOTA,DG-RZH125B,HIACE
TOYOTA,YARIS,YARIS
TOYOTA,BELTA DBA-SCP92,BELTA
TOYOTA,KC-LH129V,HIACE
TOYOTA,KB-CR51V,TOWNACE
TOYOTA,AVANZA,AVANZA
TOYOTA,REGIUS ACE,HIACE
TOYOTA,COROLLA X TA-NZE120,COROLLA
TOYOTA,ALLION UA-NZT240,ALLION
TOYOTA,COROLLA XL I,COROLLA
TOYOTA,DBA-KSP92,BELTA
TOYOTA,COROLLA X AXIO,AXIO
TOYOTA,DBA-NZT260-PREMIO,PREMIO
TOYOTA,KR-KDH200V,BELTA
TOYOTA,HILUX SSR X,HILUX
TOYOTA,LITEACE,LITEACE
TOYOTA,HILUX,HILUX
TOYOTA,RAV 4,SUV
TOYOTA,PREMIO,PREMIO
TOYOTA,EE 101,COROLLA
TOYOTA,HILUX VIGO G,HILUX
TOYOTA,KG-LY132,DYNA
TOYOTA,DYNA 150D,DYNA
TOYOTA,CAREENA,CARINA
TOYOTA,DYNA,DYNA
TOYOTA,DBA-KGC10 PASSO,PASSO
TOYOTA,DAA-ZVW30,PRIUS
TOYOTA,DBA-NZE-141,AXIO
TOYOTA,UA-NZT240,ALLION
TOYOTA,ADF-KDH 201V HIACE,HIACE
TOYOTA,UA-NZE127,COROLLA
TOYOTA,COROLLA 1.5A,COROLLA
TOYOTA,KR-KDH200K,HIACE
TOYOTA,REGIUS ACE DX,HIACE
TOYOTA,COROLLA UA-NZE121,COROLLA
TOYOTA,COROLLA,COROLLA
TOYOTA,GC-KM75,TOWNACE
TOYOTA,DBA-KSP130,VITZ
TOYOTA,FORTUNER,FORTUNER
TOYOTA,CAMRY,CAMRY
TOYOTA,SOLUNA,SOLUNA
TOYOTA,TA-NZE121,COROLLA
TOYOTA,LEXUX RX300,SUV
TOYOTA,DAA MHU38W,HARRIER
TOYOTA,HILUX VIGO G CHAMP,HILUX
TOYOTA,GE-RZH112K,HIACE
TOYOTA,IST DBA-NCP60,IST
TOYOTA,TOWN ACE-DX,TOWNACE
TOYOTA,GF-AT210,CORONA
TOYOTA,KR-KDH2000V REGIUS AC,HIACE
TOYOTA,RUSH F800RE GQGF,RUSH
TOYOTA,HIACE LH 70 B,HIACE
TOYOTA,COROLLA-EE96V,COROLLA
TOYOTA,DBA-NRE160 AXIO,AXIO
TOYOTA,DAA-AVU65W HARRIER,HARRIER
TOYOTA,TANK GS,TANK
TOYOTA,KB-CR41V,TOWNACE
TOYOTA,HILUX 2WD,HILUX
TOYOTA,PIXIS EPOCH,PIXIS
TOYOTA,KC-LY131-CREW CAB,DYNA
TOYOTA,DBA-M910A ROOMY,ROOMY
TOYOTA,DBA-KSP130 AHXNK,VITZ
TOYOTA,HILUX HL 3 DOUBLE CAB,HILUX
TOYOTA,CLOSED AT150,CORONA
TOYOTA,E-EP82,STARLET
TOYOTA,CRUISER,LAND CRUISER
TOYOTA,GF-SCP10,VITZ
TOYOTA,NSP152R-AEXRKT,VIOS
TOYOTA,MS135R-CROWN,CROWN
TOYOTA,KG-LY230,DYNA
TOYOTA,COROLLA 1.6,COROLLA
TOYOTA,COROLLA 2,COROLLA
TOYOTA,STARLET,STARLET
TOYOTA,KJ-CR42V TOWN ACE,TOWNACE
TOYOTA,CE90 COROLLA,COROLLA
TOYOTA,AT192 CARINA,CARINA
TOYOTA,HILUX HL3D-4 D4*4 DCB,HILUX
TOYOTA,KR-KDH200V REGLACE,HIACE
TOYOTA,GF-MCU10W,HARRIER
TOYOTA,DAA-NHP10 AQUA HYBRID,AQUA
TOYOTA,QDF-KDH201 K HIACE,HIACE
TOYOTA,280 D-4D 95 EWB PANEL VAN,HIACE
TOYOTA,LH113,HIACE
TOYOTA,DBA-NZE161 AXIO,AXIO
TOYOTA,KR-KDH20,HIACE
TOYOTA,LJ 78,LAND CRUISER
TOYOTA,CBA-NZT240,ALLION
TOYOTA,TOWNACE-KB CR41V,TOWNACE
TOYOTA,CBA-TRJ120W,LAND CRUISER
TOYOTA,CORONA AT190,CORONA
TOYOTA,U LH102,HIACE
TOYOTA,TERCLE,TERCEL
TOYOTA,XZB70R-ZEPSYQ,COASTER
TOYOTA,KE74 COROLLA,COROLLA
TOYOTA,DBA-M900A ROOMY CUSTOM GS,ROOMY
TOYOTA,DAA-ZWR80G VOXY,VOXY
TOYOTA,LH61V,HIACE
TOYOTA,HILUX-DOUBLE,HILUX
TOYOTA,DAA-NHW20 HYBRID,PRIUS
TOYOTA,SPRINTER-EE80,SPRINTER
TOYOTA,KD-KZN185W-SURF JEEP,HILUX
TOYOTA,E-AT170-CORONA,CORONA
TOYOTA,PLATZ,PLATZ
TOYOTA,CBAUR1202W LANDCRUISE,LAND CRUISER
TOYOTA,SOLUNA GLI M,SOLUNA
TOYOTA,5BA-LA350A,PIXIS
TOYOTA,CBA-ACU35W HARRIER,HARRIER
TOYOTA,5BA-A200A RAIZE,RAIZE
TOYOTA,QDF-GDH201V,HIACE
TOYOTA,5BA-A200A,RAIZE
TOYOTA,C-HR KOBA,CHR
TOYOTA,M700A,PASSO
TOYOTA,LH 125,HIACE
TOYOTA,HILUX VIGO,HILUX
TOYOTA,CBA-URJ202W LAND CRU,LAND CRUISER
TOYOTA,DA-NHP10 AQUA,AQUA
TOYOTA,URJ202W LAND CRUISER,LAND CRUISER
TOYOTA,GF-RZNI85W,HILUX
TOYOTA,CBA-URJ202W LAND CRUISER,LAND CRUISER
TOYOTA,RAIZE,RAIZE
TOYOTA,COMMUTER KDH222R,HIACE
TOYOTA,BDG-XZB51,COASTER
TOYOTA,CORSA,CORSA
TOYOTA,RUSH,RUSH
TOYOTA,E-SX80,MARK
TOYOTA,COROSA,CORSA
TOYOTA,DAA,AQUA
TOYOTA,DBA-ZRR70W,VOXY
TOYOTA,DA-ZVW30,PRIUS
TOYOTA,DBA-NRE160 COROLLA,COROLLA
TOYOTA,DAA-AZK10 SAI,SAI
TOYOTA,QDG-GDH201V,HIACE
TOYOTA,CBF-TRH200V HIACE GL,HIACE
TOYOTA,AE100-SPRINTER,SPRINTER
TOYOTA,GUN125R-DTFLH(ND),HILUX
TOYOTA,HIACE KDH22R-LEMDYT,HIACE
TOYOTA,SPRINTER,SPRINTER
TOYOTA,JT111,LAND CRUISER
TOYOTA,DBA-M900A-BGBGE-S,TANK
TOYOTA,DAA-AWS210(CROWN),CROWN
TOYOTA,DBA-NRE161,AXIO
TOYOTA,DBA-M900S,TANK
TOYOTA,HIACE-U-LH119V,HIACE
TOYOTA,S CM36V,LITEACE
TOYOTA,CBA-NZE121 COROLLA,COROLLA
TOYOTA,DBA-ACA36W,RAV4
TOYOTA,GF-AT211,PREMIO
TOYOTA,CBF-TRH200K HIACE,HIACE
TOYOTA,TOWN ACE,TOWNACE
TOYOTA,SSRX DOUBLE CAB,PREMIO
TOYOTA,HILUX HL3D-4D4X4DCB,HILUX
TOYOTA,COROLLA EL41,COROLLA
TOYOTA,KD-KZH116G,HIACE
TOYOTA,PRIUS DAA-ZVW30,PRIUS
TOYOTA,SPRINTER-AE91,SPRINTER
TOYOTA,KE-CE121,COROLLA
TOYOTA,CM 36,LITEACE
TOYOTA,DBF-S402U TOWN ACE,TOWNACE
TOYOTA,CHR,CHR
TOYOTA,SDG-XZB50,COASTER
TOYOTA,EE 101 SPRINER,SPRINTER
TOYOTA,CBF-TRH200,HIACE
TOYOTA,DBA-KSP90,VITZ
TOYOTA,KDH202R RDMNYE AI,HIACE
TOYOTA,HIACE KDH202R,HIACE
TOYOTA,COROLLA TA-ZZE122,COROLLA
TOYOTA,DAA-AVV50 CAMRY,CAMRY
TOYOTA,KR-KDH60 REGIUS,HIACE
TOYOTA,GK-KR42V TOWNACE,TOWNACE
TOYOTA,EE111,COROLLA
TOYOTA,DBA-LA350A PIXIS,PIXIS
TOYOTA,KK-XZU306,DYNA
TOYOTA,ACA33R-ANPGKQ RAV4,RAV4
TOYOTA,QDF-GDH201V/HIACE,HIACE
TOYOTA,BA-KSP90,VITZ
TOYOTA,DAA-ZVW1629 PRIUS,PRIUS
TOYOTA,HIACE280 D-4D95 SWB,HIACE
TOYOTA,EE90-COROLLA,COROLLA
TOYOTA,HIACE KDH223R-LEMDYT,HIACE
TOYOTA,CBA-ACU30W HARRIER,HARRIER
TOYOTA,CBA-URJ202W CRUISER,LAND CRUISER
TOYOTA,KR-KDH222B,HIACE
TOYOTA,DBA-L575A PIXIS,PIXIS
TOYOTA,HIACE-KC-LH113V,HIACE
TOYOTA,HILUX HL 3D-4D,HILUX
TOYOTA,TA-ACA21W JEEP,RAV4
TOYOTA,GC-KR42V,TOWNACE
TOYOTA,CBA-TRJ150W PRADO,LAND CRUISER
TOYOTA,KR-KDH200K HIACE,HIACE
TOYOTA,CAMI,CAMI
TOYOTA,KR-KDH200 V SRPDY,HIACE
TOYOTA,E-SXA11 RAV 4,RAV4
TOYOTA,CARINA AT192,CARINA
TOYOTA,TKG-XZU645 DYNA,DYNA
TOYOTA,TA-NCP12,PLATZ
TOYOTA,HIACE SUPER GL,HIACE
TOYOTA,HZJ80R JEEP,LAND CRUISER
TOYOTA,DBA-NZT260 ALLION,ALLION
TOYOTA,COROLLA KE27,COROLLA
TOYOTA,LH103R-RRMRS,HIACE
TOYOTA,E EE101,COROLLA
TOYOTA,AE100 MARINO,SPRINTER
TOYOTA,HIACE-KC-LH103V,HIACE
TOYOTA,HIACE GL LH 113V,HIACE
TOYOTA,CBA-TRJ150W-LAND CRU,LAND CRUISER
TOYOTA,S-CE106V,COROLLA
TOYOTA,NCP92R-BEPRK YARIS,YARIS
TOYOTA,NLH61V,HIACE
TOYOTA,DBA-NGX50C-HR,CHR
TOYOTA,DAA-ZVW30 PRIUS L GRADE,PRIUS
TOYOTA,DAA-ZVW30 PRIUS G GRADE,PRIUS
TOYOTA,DAA-ZVW30 PRIUS S GRADE,PRIUS
TOYOTA,DAA-ZVW30 PRIUS G TOURUING,PRIUS
TOYOTA,DAA-ZVW30 PRIUS S TOURUING,PRIUS
TOYOTA,DAA-ZVW30 PRIUS G SPORT,PRIUS
TOYOTA,AXIO(DAA-NKE165) HYBRID-NEW FACE,AXIO
TOYOTA,AXIO G-NEW FACE,AXIO
TOYOTA,AXIO X-NEW FACE,AXIO
TOYOTA,E-AT170 CARINA,CARINA
TOYOTA,KR-KDH220V,HIACE
TOYOTA,HARRIER-GF-SXU15W,HARRIER
TOYOTA,DBA-SCP90 VITZ,VITZ
TOYOTA,KG-LH 186B,HIACE
TOYOTA,ELSOR-AEMDS,TERCEL
TOYOTA,CBA NZE-121,COROLLA
TOYOTA,REGIUS ACE GL,HIACE
TOYOTA,GC-KR42,TOWNACE
TOYOTA,DAA-MHU38W HARRIER,HARRIER
TOYOTA,LEXUS HARRIER,HARRIER
TOYOTA,5BA-A210A RAIZE,RAIZE
TOYOTA,E-EP71,STARLET
TOYOTA,CBA NZT240,ALLION
TOYOTA,DBA-SCP92 BELTA,BELTA
TOYOTA,EE100-COROLLA,COROLLA
TOYOTA,KR-KDH200V SUPER GL,HIACE
TOYOTA,E-EL30-COROLLA,COROLLA
TOYOTA,KR-KDY230 DYNA,DYNA
TOYOTA,KG-LH,HIACE
TOYOTA,DAB-NZE141 AXIO,AXIO
TOYOTA,E-ST190 CORONA,CORONA
TOYOTA,EP91,STARLET
TOYOTA,TERCEL EL41,TERCEL
TOYOTA,PRIUS DAA 2V1530,PRIUS
TOYOTA,5-CE106V WAGON,COROLLA
TOYOTA,FORTUNER JEEP,FORTUNER
TOYOTA,LDF-KDH221K REGIU8,HIACE
TOYOTA,3BA-NRE210H SPORTS,COROLLA
TOYOTA,ADF-KDH 201V,HIACE
TOYOTA,PB-XZU301 DYNA,DYNA
TOYOTA,GA-KM51,LITEACE
TOYOTA,LAND CRUISER GHUZJ100W,LAND CRUISER
TOYOTA,DA-ZRT260-PREMIO,PREMIO
TOYOTA,COROLLA DX,COROLLA
TOYOTA,KR-KDY230 TOYOACE,TOYOACE
TOYOTA,AQUA DAA-NHP10,AQUA
TOYOTA,RAV 4 1.8A,RAV4
TOYOTA,5BA-LA350A PIXIS,PIXIS
TOYOTA,JI00E CAMY,SUV
TOYOTA,PB-XZU304,DYNA
TOYOTA,DAA-HNP 10,AQUA
TOYOTA,HILUX HL 2D4-D,HILUX
TOYOTA,Q-CE90,COROLLA
TOYOTA,HILUX GUN126RDTTLH,HILUX
TOYOTA,QDF-KDH201V REGIUS A,HIACE
TOYOTA,TOYOTA VIOS,VIOS
TOYOTA,PRIUS T4VVT-1,PRIUS
TOYOTA,CORONA,CORONA
TOYOTA,GF-RZH,HIACE
TOYOTA,LDA-GDJ15W PRADO,LAND CRUISER
TOYOTA,DAA-ATH10W,COROLLA
TOYOTA,DYNA-HALF BODY TRUCK,DYNA
TOYOTA,EP82-STARLET,STARLET
TOYOTA,PRIUS T4 VVT1-CVT,PRIUS
TOYOTA,DAA-AVV50,CAMRY
TOYOTA,STARLET(E-EP91),STARLET
TOYOTA,CM36RV,LITEACE
TOYOTA,HIACE Y-KZH110,HIACE
TOYOTA,RAV 4 1.8,RAV4
TOYOTA,PRADO TX,LAND CRUISER
TOYOTA,HIACE GE-RZH82K,HIACE
TOYOTA,R-EE106,COROLLA
TOYOTA,HIACE KG- LH178V,HIACE
TOYOTA,E-EL43,COROLLA
TOYOTA,R-EE107V,COROLLA
TOYOTA,HILUX 4WD KUNI25R,HILUX
TOYOTA,E-A91- CLOSED,HIACE
TOYOTA,CM35 LITEACE,LITEACE
TOYOTA,CBF-TRH223B,HIACE
TOYOTA,DBA-LA300A EPOCH,PIXIS
TOYOTA,LDF-KDH201VERGIUS,HIACE
TOYOTA,5BA -M700A PASSO,PASSO
TOYOTA,EBD-S5OOU PIXIS,PIXIS
TOYOTA,VIOS 1.5E,VIOS
TOYOTA,HIACE SUPER,HIACE
TOYOTA,CE90,COROLLA
TOYOTA,CBA-TRH150W PRADO,LAND CRUISER
TOYOTA,KG-LH-172V,HIACE
TOYOTA,TOWNACE D/VAN,TOWNACE
TOYOTA,R-EE96U COROLLA,COROLLA
TOYOTA,HIACE KR-KDH200V,HIACE
TOYOTA,SPRINTER SE,SPRINTER
TOYOTA,COROLLA-GF-AE100G,COROLLA
TOYOTA,ADF-KDH211K HIACE,HIACE
TOYOTA,S-CM31V,LITEACE
TOYOTA,DAA-NKE165 AXIO,AXIO
TOYOTA,TA-NZE120,COROLLA
TOYOTA,ABF-S402M,TOWNACE
TOYOTA,AT 192,CARINA
TOYOTA,CAMRY HYBRID,CAMRY
TOYOTA,TERCEL EL55,TERCEL
TOYOTA,HILUX VIGO/KUN26R,HILUX
TOYOTA,ZWR80G-VOXY,VOXY
TOYOTA,HIACE LH71V,HIACE
TOYOTA,KKR-KDH200V,HIACE
TOYOTA,SPRINTER SE-VINTAGE E-AE110,SPRINTER
TOYOTA,DBA-3CP92 BELTA,BELTA
TOYOTA,CARINA TI MY ROAD,CARINA
TOYOTA,REVO,HILUX
TOYOTA,CARINA GF..AT211,CARINA
TOYOTA,DAA-NZE165 AXIO,AXIO
TOYOTA,COROIIA 11,COROLLA
TOYOTA,ADF.KDH211K.KRPEY,HIACE
TOYOTA,IST CBA-NCP60,IST
TOYOTA,LN106R,HILUX
TOYOTA,GF-AT212,CARINA
TOYOTA,HIACE LH30V,HIACE
TOYOTA,AT150 CLOSED,CARINA
TOYOTA,VITZ GH-SCP10,VITZ
TOYOTA,PRIUS T3 VVT-I AUTO,PRIUS
TOYOTA,C-LH103V,HIACE
TOYOTA,TA-NZE121 COROLLA,COROLLA
TOYOTA,LDF-KDY281 DYNA,DYNA
TOYOTA,HILUX- KUN 25R,HILUX
TOYOTA,E-AE101,SPRINTER
TOYOTA,COROLLA AF100,COROLLA
TOYOTA,HK-NHW10,PRIUS
TOYOTA,GBA-TRJ120W PRADO,LAND CRUISER
TOYOTA,AXIO DBA-NZE141,AXIO
TOYOTA,LN56R MRP,HILUX
TOYOTA,TC-TRH124B,HIACE
TOYOTA,Q-LH61G,HIACE
TOYOTA,DBA-NZE141/COROLLAAX,COROLLA
TOYOTA,GG-EE103V,COROLLA
TOYOTA,KR-KDH220K HIACE,HIACE
TOYOTA,DAA-ZVW41W PRIUS,PRIUS
TOYOTA,ADF-KDH221K-LRPDY,HIACE
TOYOTA,DBA-KSP92 BELTA,BELTA
TOYOTA,CBA-NZT240 PREMIO,PREMIO
TOYOTA,CM 36-LITE ACE,LITEACE
TOYOTA,HILUX HL3 D-4D 4/4,HILUX
TOYOTA,PREMIO UA-ZZT240,PREMIO
TOYOTA,A 1.5 ALLION,ALLION
TOYOTA,HIACE KDH222R LEMDYT,HIACE
TOYOTA,COROLLA FEILDER,COROLLA
TOYOTA,HIACE VAN,HIACE
TOYOTA,CAB,HILUX
TOYOTA,KE-CE121G,COROLLA
TOYOTA,PICKUP,HILUX
TOYOTA,GF-SXU10W,HARRIER
TOYOTA,LH113K,HIACE
TOYOTA,VIOS EA,VIOS
TOYOTA,COROLLA 120,COROLLA
TOYOTA,VITZ KSP130,VITZ
TOYOTA,TERCEL,TERCEL
TOYOTA,HIACE U LH125B,HIACE
TOYOTA,CORONA CT190,CORONA
TOYOTA,COROLLA ZZE122,COROLLA
TOYOTA,PREMIO NZT260,PREMIO
TOYOTA,COROLLA KD-CE110,COROLLA
TOYOTA,HILUX INVINCIBLE D4D,HILUX
TOYOTA,CARINA E-AT212,CARINA
TOYOTA,PRIUS 2 GEN,PRIUS
TOYOTA,PRIUS 4 GEN,PRIUS
TOYOTA,GK-KR42V,TOWNACE
TOYOTA,COROLLA CE 114,COROLLA
TOYOTA,COROLLA 121XLI,COROLLA
TOYOTA,PRIUS 3 GEN,PRIUS
TOYOTA,STARLET EP82,STARLET
TOYOTA,BU306,DYNA
TOYOTA,COROLLA 121,COROLLA
TOYOTA,HIACE KDH200V,HIACE
TOYOTA,COROLLA EE101,COROLLA
TOYOTA,COROLLA EE103,COROLLA
TOYOTA,COROLLA AE110,COROLLA
TOYOTA,HILUX D-4D,HILUX
TOYOTA,AXIO NKE165,AXIO
TOYOTA,COROLLA CE110,COROLLA
TOYOTA,ALLION NZT260,ALLION
TOYOTA,PRADO TRJ120,LAND CRUISER
TOYOTA,CARINA AT211,CARINA
TOYOTA,COROLLA DX WAGON EE96V,COROLLA
TOYOTA,NZE141 AXIO,AXIO
TOYOTA,LN 107 D/CAR,HILUX
TOYOTA,HIACE LH109,HIACE
TOYOTA,COROLLA DX CE96,COROLLA
TOYOTA,DAA-NHW20,PRIUS
TOYOTA,PASSO M700A,PASSO
TOYOTA,KUN26R PRPSYT HILUX,HILUX
TOYOTA,LH114 HIACE,HIACE
TOYOTA,SPRINTER EE101,SPRINTER
TOYOTA,PRIUS NHW20,PRIUS
TOYOTA,HIACE LH102,HIACE
TOYOTA,ETIOS,ETIOS
TOYOTA,HIACE LH103,HIACE
TOYOTA,HIACE LH184,HIACE
TOYOTA,HIACE 201V,HIACE
TOYOTA,DBA-SCP90,VITZ
TOYOTA,ALLION NZT240,ALLION
TOYOTA,COROLLA-MARK II,COROLLA
TOYOTA,HIACE TRH200V,HIACE
TOYOTA,CARINA AT210,CARINA
TOYOTA,AXIO NZE141,AXIO
TOYOTA,TOWNACE SCR27,CR27
TOYOTA,PRIUS ZVW30,PRIUS
TOYOTA,HIACE LH162,HIACE
TOYOTA,TOWNACE CR26,TOWNACE
TOYOTA,HIACE KDH 210,HIACE
TOYOTA,VIOS 1.5 E M,VIOS
TOYOTA,DBA-LA700A PIXIS,PIXIS
TOYOTA,S-LN100,HILUX
TOYOTA,DBF-S402U,TOWNACE
TOYOTA,DYNA KCBU102,DYNA
TOYOTA,HILUX REVO ROCCO,HILUX
TOYOTA,5BA-M700A PASSO,PASSO
TOYOTA,LN113,HIACE
TOYOTA,E-EP91,STARLET
TOYOTA,CBA-NCP60 1ST,VITZ
TOYOTA,DAA-NHP10-AQUA,AQUA
TOYOTA,COROLLA-MARK II,COROLLA
TOYOTA,HIACE KDH201V,HIACE
TOYOTA,LH102,HIACE
TOYOTA,DBA-NCP91 VITZ,VITZ
TOYOTA,KDH222R-LEMDYT A1,HIACE
TOYOTA,HIACE GL  KG-LH182K,HIACE
TOYOTA,DBA-NZE151H AURIS,AURIS
TOYOTA,DAA-NKE165 COROLLA A,COROLLA
TOYOTA,CBA-TRJ120 W PRADO,LAND CRUISER
TOYOTA,KG-LH184 B,HIACE
TOYOTA,HZJ81,LAND CRUISER
TOYOTA,X CE100,COROLLA
TOYOTA,COROLLA-EE103V,COROLLA
TOYOTA,DBA-KGC 15,PASSO
TOYOTA,KNKDJ120WLAND CRUSER,LAND CRUISER
TOYOTA,KR-KDY230,DYNA
TOYOTA,PRIUS ZVW50,PRIUS
TOYOTA,KDH222R-LEMDY,HIACE
TOYOTA,CARINA S1 MYROAS,CARINA
TOYOTA,R-EE96V-COROLLA,COROLLA
TOYOTA,TERCEL-EL55,TERCEL
TOYOTA,EL43,TERCEL
TOYOTA,DBA-NZE121 COROLLA,COROLLA
TOYOTA,SOLUNA XLI,SOLUNA
TOYOTA,SV30 CAMRY,CAMRY
TOYOTA,HILUX VIGO SMART CAB,HILUX
TOYOTA,COROLLA-AE100,COROLLA
TOYOTA,GE-RZH112K,HIACE
TOYOTA,KUN25R-PRMSHT,HILUX
TOYOTA,DBA-M900A ROOMY,ROOMY
TOYOTA,GUN126R-DTTHHTB5,HILUX
TOYOTA,YARIS HYBRID LCON,YARIS
TOYOTA,KG-LH172K,HIACE
TOYOTA,U-LH113V,HIACE
TOYOTA,KDH222R-LEMDYTA4,HIACE
TOYOTA,E.EE101COROLLA,COROLLA
TOYOTA,UA-ACU30W,HARRIER
TOYOTA,KC-LH113K,HIACE
TOYOTA,X-CT170 SEDAN,CORONA
TOYOTA,KG-HDJ101K-RNPOL,LAND CRUISER
TOYOTA,DAA-NHW20 PRIUS,PRIUS
TOYOTA,E-AE91,COROLLA
TOYOTA,DBA-900A,TANK
TOYOTA,RAV4 J(JEEP),RAV4
TOYOTA,GH-SCP10,VITZ
TOYOTA,HILUX REVO (ROCCO) (GUN126R-DTTHHT),HILUX
TOYOTA,DBA-NZT 260 PREMIO-G SUPERIOR,PREMIO
TOYOTA,HILUX REVO GUN126R-DTTHHT,HILUX
TOYOTA,5BA-KSP210,VITZ
TOYOTA,DBA-LA350A,PIXIS
TOYOTA,QDF-GDH206V,HIACE
TOYOTA,DBA-NZT260-AEXEK(X)-00,PREMIO
TOYOTA,GUNI26R-DTTHH,HILUX
TOYOTA,5BA-A200A RAIZE Z,RAIZE
TOYOTA,LN145R-DOUBLE CAB,HILUX
TOYOTA,KR-KDH200V SUPER GL,HIACE
TOYOTA,PRIUS T SPIRIT VV.,PRIUS
TOYOTA,TERCEL (EL50R.AEMDS),TERCEL
TOYOTA,CBA-NZT240,ALLION
TOYOTA,VIOS 1 5A,VIOS
TOYOTA,LITEACE-KB-CR41V,LITEACE
TOYOTA,SPRINTER (KD-CE110),SPRINTER
TOYOTA,5BA-KSP210 YARIS,YARIS
TOYOTA,TERSEL,TERCEL
TOYOTA,PRIUS T SPIRIT VV-I,PRIUS
TOYOTA,DBA-HGX50 C-HR,CHR
TOYOTA,CALDINA,CALDINA
TOYOTA,DAA-NKE165 COROLLA AXIO,AXIO
TOYOTA,VELLFIRE DBA-ANH20W,VELLFIRE
TOYOTA,QDF-GDH206,HIACE
TOYOTA,HIACE LH178,HIACE
TOYOTA,EL50R AEMDS,TERCEL
TOYOTA,GF-SXA16G,RAV4
TOYOTA,CBA-URJ202W LAND,LAND CRUISER
TOYOTA,5BA-A210A,RAIZE
TOYOTA,LJ95R GKMNS,LAND CRUISER
TOYOTA,CARINA CT210,CARINA
TOYOTA,MARK11,MARK
TOYOTA,CARINA GF AT211,CARINA
TOYOTA,PRIUS -NHW20,PRIUS
TOYOTA,CLOSED LH102,HIACE
TOYOTA,ALLION CBA-NZT240,ALLION
TOYOTA,PREMIO X DBA-ZZT240,PREMIO
TOYOTA,LJ150R-GKMEE PRADO,LAND CRUISER
TOYOTA,LH 60V,HIACE
TOYOTA,CARINA GF AT211,CARINA
TOYOTA,DBA-NGX10 CHR,CHR
TOYOTA,E-AE91-CLOSED,COROLLA
TOYOTA,LH125R-ZRMRSO,HIACE
TOYOTA,CARINA AT210,CARINA
TOYOTA,HILUX LN65,HILUX
TOYOTA,KG-LH162V,HIACE
TOYOTA,CORSA KD-NL50,CORSA
TOYOTA,KK-XZU337,DYNA
TOYOTA,CBA-NZE121,COROLLA
TOYOTA,LDF-KDH221K REGIUS,HIACE
TOYOTA,DAA-ZVW30-PRIUS HYBRID,PRIUS
TOYOTA,HILUX GUN126R-DTTHH,HILUX
TOYOTA,PRIUS T4 VVT1-CVT,PRIUS
TOYOTA,BU88 DYNA,DYNA
TOYOTA,DBA-M910A TANK,TANK
TOYOTA,HIACE280 D-4D PANEL,HIACE
TOYOTA,KN-KDJ120W PRADO,LAND CRUISER
TOYOTA,LH113 HIACE,HIACE
TOYOTA,AT170 CARINA,CARINA
TOYOTA,HIACE -U-LH103V,HIACE
TOYOTA,LH51V-HIACE,HIACE
TOYOTA,S-CR27V. VAN,CR27
TOYOTA,CBA-TRJ150W PRADO,LAND CRUISER
TOYOTA,AQUA S DAA-NHP10,AQUA
TOYOTA,KUN26R HILUX VEGO,HILUX
TOYOTA,DBA-NCP60,IST
TOYOTA,VIOS-NCP42R,VIOS
TOYOTA,CARINAL,CARINA
TOYOTA,COROLLA-CERES,COROLLA
TOYOTA,LH125R-ZRMRSQ,HIACE
TOYOTA,UA-NZT 260,ALLION
TOYOTA,HIACE PANEL VAN,HIACE
TOYOTA,LH51V HIACE,HIACE
TOYOTA,KB.LN165H,HILUX
TOYOTA,CBA-NCP60 IST,IST
TOYOTA,HIACE KDH222R .LEMDYI,HIACE
TOYOTA,DBA-ACV40,CAMRY
TOYOTA,ZVW30 STD,PRIUS
TOYOTA,GA-RZN147,HILUX
TOYOTA,TASCP10,VITZ
TOYOTA,LAND CRUISER UZJ100,LAND CRUISER
TOYOTA,LH61V-CLOSED,HIACE
TOYOTA,E-EL41 COROLLA,COROLLA
TOYOTA,COROLLA KE 74V,COROLLA
TOYOTA,HILUX VIGO 3.03,HILUX
TOYOTA,CT190,CORONA
TOYOTA,LH61V HIACE,HIACE
TOYOTA,ABF-S402M LITE ACE,LITEACE
TOYOTA,HIACE ADF-KDH223B,HIACE
TOYOTA,DBA-NGX50 C-HR,CHR
TOYOTA,DBA-ACV40 CAMRY,CAMRY
TOYOTA,COROLLA-UAZZE12,COROLLA
TOYOTA,DAA-ZYX10-C-HR,CHR
TOYOTA,TOYOTA/VIOS 1.5EA,VIOS
TOYOTA,CARINA ST215,CARINA
TOYOTA,STARLET NP90,STARLET
TOYOTA,GK-KR52V LITEACE,LITEACE
TOYOTA,TOWNACE CR27,CR27
TOYOTA,DBA-NZE151H,AURIS
TOYOTA,DOUBLE CAB,HILUX
TOYOTA,KC-LH125V,HIACE
TOYOTA,GE-RZH112V,HIACE
TOYOTA,HILUX DOUBLE CAB,HILUX
TOYOTA,CR27V,CR27
TOYOTA,DBA-NCP110,COROLLA
TOYOTA,PREMIO F DBA-NZT260,PREMIO
TOYOTA,PRIUS,PRIUS
TOYOTA,AQUA,AQUA
TOYOTA,CBA-ZNT240 ALLION,ALLION
TOYOTA,CBA-NZT240 ALLION,ALLION
TOYOTA,COROLLA EE 102,COROLLA
TOYOTA,HILUX HL2D-4D 4X4D/C,HILUX
TOYOTA,PRIUS T4 VVT-1 AUTO,PRIUS
TOYOTA,COROLLA-EE104,COROLLA
TOYOTA,COROLLA EE111,COROLLA
TOYOTA,DYNA XZU308,DYNA
TOYOTA,DBA-NZT260,PREMIO
TOYOTA,TOWNACE TRUCK CM85,TOWNACE
TOYOTA,TERCEL EL51,TERCEL
TOYOTA,DAA-ZVW35 PRIUS S GRADE,PRIUS
TOYOTA,LAND CRUISER KGHDJ101K,LAND CRUISER
TOYOTA,BELTA KSP92,BELTA
TOYOTA,IST NCP60,IST
TOYOTA,AQUA GS SPORT NHP10,AQUA
TOYOTA,S-CT176V,CORONA
TOYOTA,QDF KDH201V HIACE,HIACE
TOYOTA,COROLLA EE110,COROLLA
TOYOTA,HIACE LH56V,HIACE
TOYOTA,HIACE LH129,HIACE
TOYOTA,CARINA AT190,CARINA
TOYOTA,CARINA CT215,CARINA
TOYOTA,HIACE GDH201V,HIACE
TOYOTA,COMMUTER KDH 222 R,HIACE
TOYOTA,SPRINTER - AE110,SPRINTER
TOYOTA,KR-KDH200V HIACE,HIACE
TOYOTA,KB-CR36V VAN,LITEACE
TOYOTA,HIACE(CREW CAB),HIACE
TOYOTA,HIACE VAN LH102,HIACE
TOYOTA,CR36,TOWNACE
TOYOTA,E AT170-CORONA,CORONA
TOYOTA,DBA-KSP90 VITZ,VITZ
TOYOTA,CORSA-EL41,CORSA
TOYOTA,VIOS 1.5EA,VIOS
TOYOTA,EE 104,COROLLA
TOYOTA,HIACE CBF -TRH200V,HIACE
TOYOTA,EAT192,CARINA
TOYOTA,KJ-CR42V,TOWNACE
TOYOTA,CORSA,CORSA
TOYOTA,HIACE LH61V,HIACE
TOYOTA,KG-LH178V,HIACE
TOYOTA,VIOS 1.5SA,VIOS
TOYOTA,BU88,DYNA
TOYOTA,VITZ F DBA-NSP130,VITZ
TOYOTA,PRIUS HYBRID,PRIUS
TOYOTA,HIACE - TRH200,HIACE
TOYOTA,GA-KR41V,TOWNACE
TOYOTA,U-LH113V VAN,HIACE
TOYOTA,DBA-NZE161,AXIO
TOYOTA,TC-TRH122K HIACE,HIACE
TOYOTA,BOG-XZU308 FREEZER T,DYNA
TOYOTA,HARRIER,HARRIER
TOYOTA,KK-XZU302,DYNA
TOYOTA,HILUX HL2 D-4DD/C,HILUX
TOYOTA,GE - RZH102V,HIACE
TOYOTA,E-AT211,PREMIO
TOYOTA,GA-KR42V,TOWNACE
TOYOTA,KDH222R-LEMDYT,HIACE
TOYOTA,DAA-NKE165,AXIO
TOYOTA,S-CR27V,CR27
TOYOTA,KE-LY111,TOYOACE
TOYOTA,BU87,DYNA
TOYOTA,DBA-ACA36W RAV4,RAV4
TOYOTA,DBA-ZRE142,AXIO
TOYOTA,GG-KR42V,TOWNACE
TOYOTA,IST,IST
TOYOTA,KC-LH123V,HIACE
TOYOTA,E-AE100 SEDAN,COROLLA
TOYOTA,CBF-TRH211K,HIACE
TOYOTA,AT212,CARINA
TOYOTA,HDJ101 KRNPGZ,LAND CRUISER
TOYOTA,CBA-NCP60,IST
TOYOTA,KGC30,PASSO
TOYOTA,CARMY 2400,CAMRY
TOYOTA,LH113R-RRMRS,HIACE
TOYOTA,COASTER PB-XZB51,COASTER
TOYOTA,DAA-ZVW40W,PRIUS
TOYOTA,DBA TRJ150,LAND CRUISER
TOYOTA,KD-KZH110G,HIACE
TOYOTA,LH103V,HIACE
TOYOTA,TA-ZZE122,COROLLA
TOYOTA,HILUX VIGO 2.5,HILUX
TOYOTA,LH102 HIACE,HIACE
TOYOTA,AE 110,COROLLA
TOYOTA,TA.SCP10 VITZ,VITZ
TOYOTA,KB-CM55-TRUCK,LITEACE
TOYOTA,VISTA,IST
TOYOTA,NP80,STARLET
TOYOTA,AXIO HYBRID,AXIO
TOYOTA,TERCEL-EL50R,TERCEL
TOYOTA,LH129V,HIACE
TOYOTA,E AE 100,COROLLA
TOYOTA,DBA-KGC30-PASSO,PASSO
TOYOTA,GC-KM70,LITEACE
TOYOTA,CR27DX,CR27
TOYOTA,CBF-TRH200V,HIACE
TOYOTA,ADF-KDH221K,HIACE
TOYOTA,VOXY-DBA-ZRR70G,VOXY
TOYOTA,UA-NZE120,COROLLA
TOYOTA,KC-LY101 CREW CAB,HIACE
TOYOTA,Y-LX90,MARK
TOYOTA,LH66V,HIACE
TOYOTA,GE-RZY220,DYNA
TOYOTA,GH-SXU10W,HARRIER
TOYOTA,KF-CM80 LITEACE,LITEACE
TOYOTA,KDH201V,HIACE
TOYOTA,TA-VZJ121W,LAND CRUISER
TOYOTA,DAA-ZVW41W,PRIUS
TOYOTA,DAA NHP10(AQUA),AQUA
TOYOTA,S-LH113,HIACE
TOYOTA,HILUX HL2-4D 4X4 D/C,HILUX
TOYOTA,PREMIO G SUPERIOR 1.5,PREMIO
TOYOTA,KR-KDH220K,HIACE
TOYOTA,KR52V,LITEACE
TOYOTA,AQUA- HYBRID,AQUA
TOYOTA,LH119V,HIACE
TOYOTA,CARINA,CARINA
TOYOTA,BU60,DYNA
TOYOTA,E-AT192,CARINA
TOYOTA,VITZ DBA-KSP130,VITZ
TOYOTA,E-EL30-CORSA,CORSA
TOYOTA,TOYO ACE-CREW CAB,TOYOACE
TOYOTA,TOWNACE KR42V,TOWNACE
TOYOTA,COROLLA AXIO,AXIO
TOYOTA,FORTUNER - KUN51R-EKPSY,FORTUNER
TOYOTA,N-LH-71B,HIACE
TOYOTA,E-EE90 COROLLA,COROLLA
TOYOTA,FORTUNER KUNSIR,FORTUNER
TOYOTA,CBA-J200E RUSH,RUSH
TOYOTA,PRIUS ALPHA-ZVW 41,PRIUS
TOYOTA,HIACE LH-125,HIACE
TOYOTA,UA-NZE121/CLOSED,COROLLA
TOYOTA,KB-CR27V,CR27
TOYOTA,TOYOACE TRUCK,TOYOACE
TOYOTA,AE 100,COROLLA
TOYOTA,VOXY,VOXY
TOYOTA,KG-LY102,DYNA
TOYOTA,U-LH103V,HIACE
TOYOTA,DLA-ZVW35,PRIUS
TOYOTA,COROLLA KE 72,COROLLA
TOYOTA,KG-LH182K,HIACE
TOYOTA,Q-LH110G,HIACE
TOYOTA,CBA-ACU35W,HARRIER
TOYOTA,KF-CM75,LITEACE
TOYOTA,EE100R-COROLLA,COROLLA
TOYOTA,DBA-ZRT260-ALLION,ALLION
TOYOTA,HIACE KDH222R,HIACE
TOYOTA,HIACE KC-LH109V,HIACE
TOYOTA,KB-LN165-DOUBLE CAB,HILUX
TOYOTA,KK-XZU346,DYNA
TOYOTA,AE91,COROLLA
TOYOTA,HIACE LH162,HIACE
TOYOTA,COROLLA - TA NZE 121,COROLLA
TOYOTA,NHP 10 AQUA HYBRIDE,AQUA
TOYOTA,KG-LY 112,DYNA
TOYOTA,GK-KR42V LITEACE,LITEACE
TOYOTA,AXIO G,AXIO
TOYOTA,KD-CE110,COROLLA
TOYOTA,AQUA G DAA-NHP10,AQUA
TOYOTA,VOXY HYBRID-DAA-ZWR80G,VOXY
TOYOTA,VITZ SCPIO,VITZ
TOYOTA,CROWN,CROWN
TOYOTA,KK-XZU307,DYNA
TOYOTA,BU84-DYNA,DYNA
TOYOTA,KZH116 HIACE,HIACE
TOYOTA,KR-KDH205V,HIACE
TOYOTA,PRIUS C,PRIUS
TOYOTA,MARK X,MARK
TOYOTA,LN-85,HILUX
TOYOTA,CBA-TRJ150W,LAND CRUISER
TOYOTA,CBA.TRJ150W,LAND CRUISER
TOYOTA,DAA-NKE165G,COROLLA
TOYOTA,DAA-ZVW30 PRIUS,PRIUS
TOYOTA,PB-XZB50,COASTER
TOYOTA,LDF-KDH201V HIACE DX,HIACE
TOYOTA,DBA-ZZT240 ALLION,ALLION
TOYOTA,NOAH HYBRID,NOAH
TOYOTA,CBF-TRH221K-HIACE,HIACE
TOYOTA,HILUX - VIGO (KUN25R),HILUX
TOYOTA,LH51V,HIACE
TOYOTA,TOWNACE KJ-CR42V,TOWNACE
TOYOTA,LDF-KDH201V-HIACE,HIACE
TOYOTA,R-EE106V,COROLLA
TOYOTA,CT210-PREMIO,PREMIO
TOYOTA,DAA-NHP10 PRIUS,PRIUS
TOYOTA,CM55,TOWNACE
TOYOTA,NKE165,AXIO
TOYOTA,KF-CR42V,TOWNACE
TOYOTA,CROWN S,CROWN
TOYOTA,KDH201K,HIACE
TOYOTA,UA-SCP10,VITZ
TOYOTA,UA-SCP10,VITZ
TOYOTA,KG-LY212,TOYOACE
TOYOTA,SARA (JEEP) CUGNUS,LAND CRUISER
TOYOTA,DAA-NHP10 AQUA,AQUA
TOYOTA,DBA-ZRT260 PREMIO,PREMIO
TOYOTA,KR-KDH225K,HIACE
TOYOTA,L-EE96V,COROLLA
TOYOTA,GE-RZH182K,HIACE
TOYOTA,U-BU66 DYNA,DYNA
TOYOTA,DUET,DUET
TOYOTA,CBA-TRJ120 W PRADO TX,LAND CRUISER
TOYOTA,GE-RZH112V,HIACE
TOYOTA,HILUX HL2,HILUX
TOYOTA,DBA-NZE141 AXIO,AXIO
TOYOTA,LDF-KDH221K,HIACE
TOYOTA,DYNA-KC-BU212,DYNA
TOYOTA,HIACE (KDH222R - LEMDYT B1),HIACE
TOYOTA,PRAD-CBA-TRJ 150W,LAND CRUISER
TOYOTA,DBA-NRT360 PREMIO,PREMIO
TOYOTA,KD-KZH120G HIACE,HIACE
TOYOTA,AQUA X URBAN,AQUA
TOYOTA,DYNA-CAR CARRIER,DYNA
TOYOTA,LH119-HIACE,HIACE
TOYOTA,LN14SR-PRMDS,HILUX
TOYOTA,KF - CM70,TOWNACE
TOYOTA,QDF-KDH201V,HIACE
TOYOTA,KA-CE106V,COROLLA
TOYOTA,KDH221-HIACE DX,HIACE
TOYOTA,TC-TRH112V,HIACE
TOYOTA,ADF-KDY231,DYNA
TOYOTA,LH125B,HIACE
TOYOTA,KK-LY280,TOYOACE
TOYOTA,S-LN106,HILUX
TOYOTA,LDF-KDH206V-HIACE-DX,HIACE
TOYOTA,TA-GX110,MARK
TOYOTA,DAA-NKE165 - AXIO G,AXIO
TOYOTA,HIACE GL,HIACE
TOYOTA,HIACE LH117,HIACE
TOYOTA,LDF-KDH223B,HIACE
TOYOTA,DBA-NZT260-PREMIO EX-PKG,PREMIO
TOYOTA,PRIUS S,PRIUS
TOYOTA,GF-AE 110,COROLLA
TOYOTA,AQUA G,AQUA
TOYOTA,E-AT210,PREMIO
TOYOTA,DAA-NKE165,AXIO
TOYOTA,HIACE KDH SUPER GL,HIACE
TOYOTA,EE110R AEMNS,COROLLA
TOYOTA,HARRIER PREMIUM,HARRIER
TOYOTA,EBD-S321M,PIXIS
TOYOTA,CR 26 CLOSED,TOWNACE
TOYOTA,HILUX RC 3.0 D4D,HILUX
TOYOTA,KR-KDH200V REGIUS AC,HIACE
TOYOTA,COROLLA CE-100,COROLLA
TOYOTA,E-AE91-COROLLA,COROLLA
TOYOTA,HILUX HL 3,HILUX
TOYOTA,ADF-KDH206V,HIACE
TOYOTA,E-EL30-TERCEL,TERCEL
TOYOTA,GF-SXU15W,HARRIER
TOYOTA,LY230,DYNA
TOYOTA,FREEZER BOX TYPE,DYNA
TOYOTA,VIOS 1.5,VIOS
TOYOTA,DAA-AVU65W,HARRIER
TOYOTA,E-AT150-CARINA,CARINA
TOYOTA,LH109V,HIACE
TOYOTA,E-EL43 COLOSED,TERCEL
TOYOTA,IST NCP110,IST
TOYOTA,TA-VZJ120W,LAND CRUISER
TOYOTA,CBA-ACU30W,HARRIER
TOYOTA,HZB50R-ZGMSS,COASTER
TOYOTA,CBA-NZE120,COROLLA
TOYOTA,LH109,HIACE
TOYOTA,GBD-S321M,PIXIS
TOYOTA,TOYOACE/U-BU61,TOYOACE
TOYOTA,KUN126R-DTALY,HILUX
TOYOTA,GE-RZH183K,HIACE
TOYOTA,K-LH30V,HIACE
TOYOTA,LN106,HILUX
TOYOTA,UA-NZE120,COROLLA
TOYOTA,DAA-ZVW50,PRIUS
TOYOTA,LN166,HILUX
TOYOTA,CBA-URJ202W,LAND CRUISER
TOYOTA,SOLEIL-L,STARLET
TOYOTA,ADF-KDH201K ERPDY,HIACE
TOYOTA,COMMUTER,HIACE
TOYOTA,NCP92R YARIS,YARIS
TOYOTA,TA-NZEE120,COROLLA
TOYOTA,CT170,CORONA
TOYOTA,LH202R-REMDE,HIACE
TOYOTA,BDG-XZB50,COASTER
TOYOTA,HZJ78,LAND CRUISER
TOYOTA,CV 30,CAMRY
TOYOTA,PB-XZB40,COASTER
TOYOTA,DBA-NZT260 PREMIO F EX-PKG GS,PREMIO
TOYOTA,E-EL51,COROLLA
TOYOTA,KC-BU142 TRUCK,DYNA
TOYOTA,EE80,COROLLA
TOYOTA,TA-ACA21W,RAV4
TOYOTA,KK-BU301,DYNA
TOYOTA,DBA-LA300A,PIXIS
TOYOTA,NL30,COROLLA
TOYOTA,KC-BU120V,DYNA
TOYOTA,AT150-CORONA,CORONA
TOYOTA,AE80,COROLLA
TOYOTA,EE90R AEKDS,COROLLA
TOYOTA,UA-ZZT240,PREMIO
TOYOTA,DBA-GRX120,MARK
TOYOTA,HI-LUX REVO G,HILUX
TOYOTA,NL40,COROLLA
TOYOTA,HILUX REVO,HILUX
TOYOTA,E-VZJ95W,LAND CRUISER
TOYOTA,CM20RV JRZ,LITEACE
TOYOTA,LH60,HIACE
TOYOTA,LH120,HIACE
TOYOTA,GB-RZH102V,HIACE
TOYOTA,WIGO,WIGO
TOYOTA,RE41US LXH43,HIACE
TOYOTA,LH20 CLOSED,HIACE
TOYOTA,LH114R,HIACE
TOYOTA,NZE121,COROLLA
TOYOTA,EBD-S331M,PIXIS
TOYOTA,KC-BU107,DYNA
TOYOTA,E-AT190,CARINA
TOYOTA,GUN135R-DTTSHT,HILUX
TOYOTA,COROLLA FIELDER G,COROLLA
TOYOTA,KJ-CM70,TOWNACE
TOYOTA,KUN125R-DTFLY N4,HILUX
TOYOTA,LH90,HIACE
TOYOTA,GC-EE102V,COROLLA
TOYOTA,E-ST190,CARINA
TOYOTA,EBD-S201U,PIXIS
TOYOTA,SELECT SALOON G,CORONA
TOYOTA,KUN126R-DTFLY,HILUX
TOYOTA,PRADO-JEEP,LAND CRUISER
TOYOTA,C-HR GT DBA-NGX50,CHR
TOYOTA,U-BU67,DYNA
TOYOTA,ADF-KDH223B,HIACE
TOYOTA,T-YR25V,TOWNACE
TOYOTA,HZB70R-ZGMSS,COASTER
TOYOTA,DAA-GWS204 CROWN HYBRID,CROWN
TOYOTA,DAA-ZWR80G NOAH,NOAH
TOYOTA,KC-LY111,DYNA
TOYOTA,CERES,COROLLA
TOYOTA,N-CR26V VAN,TOWNACE
TOYOTA,R-EE96V,COROLLA
TOYOTA,CBF-TRH200K,HIACE
TOYOTA,KDJ150R-GKAEY,LAND CRUISER
TOYOTA,KE72V,COROLLA
TOYOTA,DBA-NGX50,CHR
TOYOTA,CBA-TRH214W,HIACE
TOYOTA,B100RA-GQSFJ,WIGO
TOYOTA,AXIO X,AXIO
TOYOTA,LDA-GDJ15W,LAND CRUISER
TOYOTA,KK-XZU347,DYNA
TOYOTA,GE-RZH102V,HIACE
TOYOTA,CALDINA,CALDINA
TOYOTA,E-AL21-CORSA,CORSA
TOYOTA,RAV4 L(JEEP),RAV4
TOYOTA,E-AT150 CORONA,CORONA
TOYOTA,KK-XZU301,DYNA
TOYOTA,CBA -TRJ150W PRADO TX,LAND CRUISER
TOYOTA,CHR HYBRID,CHR
TOYOTA,TA-SCP10,VITZ
TOYOTA,CE106,COROLLA
TOYOTA,KG-LH172V,HIACE
TOYOTA,CBA-TRJ150,LAND CRUISER
TOYOTA,VELLFIRE,VELLFIRE
TOYOTA,CM20V,LITEACE
TOYOTA,SPG-XZB50,COASTER
TOYOTA,KC-BU147,DYNA
TOYOTA,KC-BU105,DYNA
TOYOTA,COASTER PB-XZB50,COASTER
TOYOTA,U-LH102V,HIACE
TOYOTA,LAND CRUISER PRADO,LAND CRUISER
TOYOTA,BB59RZEMQZ5(COASTER),COASTER
TOYOTA,SPG-XZB70,COASTER
TOYOTA,B100RA-GQSFJ (SFX-W3),WIGO
TOYOTA,DBA-ZSU60W HARRIER,HARRIER
TOYOTA,LH112R-PRMRS,HIACE
TOYOTA,CORONA AT170,CORONA
TOYOTA,L-KE72V,COROLLA
TOYOTA,DBA-ZSU65W-HARRIER,HARRIER
TOYOTA,QDF-KDH201K,HIACE
TOYOTA,CBA-TRJ150W PRADO,LAND CRUISER
TOYOTA,GRJ120R-GKAGKQ,LAND CRUISER
TOYOTA,LDF-KDH223B HIACE,HIACE
TOYOTA,CAMI-JEEP,CAMI
TOYOTA,AE80,CORONA
TOYOTA,HILUX VIGO 3,HILUX
TOYOTA,HILUX REVO G,HILUX
TOYOTA,DAA-ZYX10 C-HR HYBRID,CHR
TOYOTA,U-LH113,HIACE
TOYOTA,ADF-KDH201V-SFPDY,HIACE
TOYOTA,VDJ200R-GNTEZ(LAND CRUISER),LAND CRUISER
TOYOTA,KE72,COROLLA
TOYOTA,C-HR,CHR
TOYOTA,KDH22R-HIACE,HIACE
TOYOTA,LH30B,HIACE
TOYOTA,CORONA 1.8,CORONA
TOYOTA,COASTER,COASTER
TOYOTA,CARINA AT 150,CARINA
TOYOTA,CARINA ST180,CARINA
TOYOTA,LDF-KDH211K HIACE,HIACE
TOYOTA,PRIUS DAA-ZVW20,PRIUS
TOYOTA,DAA-NKE165 AXIO WX,AXIO
TOYOTA,KDH200R HIACE,HIACE
TOYOTA,LH102V,HIACE
TOYOTA,DBA-M700A PASSO,PASSO
TOYOTA,DBA-M900A,TANK
TOYOTA,HILUX VIGO E D4-D,HILUX
TOYOTA,COROLLA KE74,COROLLA
TOYOTA,HILUX INVINCIBLE,HILUX
TOYOTA,LDF-KDH201K HIACE,HIACE
TOYOTA,AL50R-AEMNK,SOLUNA
TOYOTA,COROLLA 1.5M,COROLLA
TOYOTA,SDG-XZB50 COASTER,COASTER
TOYOTA,PDG-XZB50,COASTER
TOYOTA,LH113V,HIACE
TOYOTA,KR-KDH227B,HIACE
TOYOTA,QDF-KDY231,HIACE
TOYOTA,X-CE100 SEDAN,COROLLA
TOYOTA,HILUX VIGO 2.5 E,HILUX
TOYOTA,EL50,TERCEL
TOYOTA,GF-EE111,COROLLA
TOYOTA,COROLLA SEDAN,COROLLA
TOYOTA,KSP130,VITZ
TOYOTA,CBF-TRH200V SUPER GL,HIACE
TOYOTA,VITZ F,VITZ
TOYOTA,CH-R,CHR
TOYOTA,DBA-QNC10 PASSO,PASSO
TOYOTA,E-AT170-CLOSED,CORONA
TOYOTA,PRIUS T3 VVT-1,PRIUS
TOYOTA,BDG-XZB51 COASTER,COASTER
TOYOTA,L-KT147V-CLOSED,CORONA
TOYOTA,LDF-KDH206V HIACE,HIACE
TOYOTA,DAA-NKE165 (AXIO),AXIO
TOYOTA,KJ-CR52V,TOWNACE
TOYOTA,CBA-ACU35W HARIA,HARRIER
TOYOTA,PIXIS MEGA,PIXIS
TOYOTA,DBA-KSP 130 VITZ F,VITZ
TOYOTA,DBA-NGX50 CH-R,CHR
TOYOTA,ROOMY,ROOMY
TOYOTA,LJ120R PRADO,LAND CRUISER
TOYOTA,CR27-TOWNACE,CR27
TOYOTA,QDF-KDH223B,HIACE
TOYOTA,PRADO JEEP GF-VZJ95,LAND CRUISER
TOYOTA,KK-LY230,DYNA
TOYOTA,LH222R-LEMDE HIACE,HIACE
TOYOTA,EP82,STARLET
TOYOTA,DAA-ZVW30 PRIUS,PRIUS
TOYOTA,CBA-TRJ120W PRADO,LAND CRUISER
TOYOTA,COROLLA EE80,COROLLA
TOYOTA,DBA-M910A,TANK
TOYOTA,DBA-NCP110 IST,IST
TOYOTA,HIACE LH114,HIACE
TOYOTA,DBA-LA250A,PIXIS
TOYOTA,TANK,TANK
TOYOTA,AXIO (DAA-NKE165) HYBRID,AXIO
TOYOTA,DBA-L575A,PIXIS
TOYOTA,KDH222R-LEPNY (SFX-00),HIACE
TOYOTA,DBA-KGC10,PASSO
TOYOTA,HIACE LH60V,HIACE
TOYOTA,HIACE KDH202R RDMNYT,HIACE
TOYOTA,DAA-GWS 204,CROWN
TOYOTA,HIACE KDH222R LEPNY,HIACE
TOYOTA,DYNA 200,DYNA
TOYOTA,DBA-KG110,PASSO
TOYOTA,PREMIO EX,PREMIO
TOYOTA,AA60-CARINA,CARINA
TOYOTA,AXIO WXI,AXIO
TOYOTA,LN166R-PRMDS,HILUX
TOYOTA,HIACE GE-RZH112V,HIACE
TOYOTA,KDH222R-LEPNY,HIACE
TOYOTA,EBD-S321M PIXIS VAN,PIXIS
TOYOTA,COROLLA AE80,COROLLA
TOYOTA,DAA-ZYX10 -C-HR,CHR
TOYOTA,DAA . ZVW40 W PRIUS,PRIUS
TOYOTA,COROLLA AXIO HYBRID,AXIO
TOYOTA,VITZ,VITZ
TOYOTA,AXIO WXB,AXIO
TOYOTA,COROLLA (X),COROLLA
TOYOTA,GF-GX 100,MARK
TOYOTA,CBF-TRH200V HIACE,HIACE
TOYOTA,LDF-KDH221K HIACE,HIACE
TOYOTA,KD-KZH120G,HIACE
TOYOTA,LITEACE 5DR,LITEACE
TOYOTA,DAA-ZVW50 PRIUS,PRIUS
TOYOTA,BU96,DYNA
TOYOTA,E-AT212,CARINA
TOYOTA,DBA-ZVW30,PRIUS
TOYOTA,DBA-NZE141,AXIO
TOYOTA,UA-NCP/IST,IST
TOYOTA,HIACE KG-LH172V,HIACE
TOYOTA,CM35 CLOSED,LITEACE
TOYOTA,TOWNACE GA-KR4,TOWNACE
TOYOTA,L-KE74V-COROLLA,COROLLA
TOYOTA,NZE 141G COROLLA,COROLLA
TOYOTA,DAA-NJHP10 AQUA,AQUA
TOYOTA,DBA-NZE141 COROLLA,COROLLA
TOYOTA,DBA-KGC30,PASSO
TOYOTA,AT150-CARINA,CARINA
TOYOTA,PRIMIO,PREMIO
TOYOTA,DBA-NGX10 C-HR,CHR
TOYOTA,DAA ZWR80G VOXY,VOXY
TOYOTA,CR26V,TOWNACE
TOYOTA,C-HR GT TURBO DBA-NGX50,CHR
TOYOTA,DBA-M700A,PASSO
TOYOTA,PRIUS T3,PRIUS
TOYOTA,HIACE (KDH222R-LEMDYT),HIACE
TOYOTA,CARINA KA67V,CARINA
TOYOTA,L-KE 74V,COROLLA
TOYOTA,C-HR GT TURBO,CHR
TOYOTA,LAND CRUISER LC5,LAND CRUISER
TOYOTA,HIACE KG-LH182K,HIACE
TOYOTA,ZRE141,COROLLA
TOYOTA,LY235R-TBMFS3,DYNA
TOYOTA,COROLLA / KE73G,COROLLA
TOYOTA,DBA-M900A/ROOMY,ROOMY
TOYOTA,KDH222R-LEMDYTB1,HIACE
TOYOTA,TOWNACE-GC-KR42V,TOWNACE
TOYOTA,ALLIYON,ALLION
TOYOTA,TA-VZJ121W JEEP,LAND CRUISER
TOYOTA,DBA-ACA31W,RAV4
TOYOTA,DBA-M900A TANK,TANK
TOYOTA,EE106V,COROLLA
TOYOTA,KE74V-COROLLA,COROLLA
TOYOTA,F800RE-GQGF(SFX-01),RUSH
TOYOTA,UA-NZE124C,COROLLA
TOYOTA,PRIUS DAA-ZVW20,PRIUS
TOYOTA,CBA-TRJ120W LAND CRU,LAND CRUISER
TOYOTA,DAA-NKE165 AXIO WXB,AXIO
TOYOTA,HIACE-280 D-4D,HIACE
TOYOTA,CBA-UZJ200W,LAND CRUISER
TOYOTA,TA-AZT240,PREMIO
TOYOTA,SPINTER,SPRINTER
TOYOTA,HILUX KUN25R-PRMDH,HILUX
TOYOTA,CAMRY2000,CAMRY
TOYOTA,E-AT150,CARINA
TOYOTA,CE100,COROLLA
TOYOTA,PIXIS,PIXIS
TOYOTA,HIACE ACE,HIACE
TOYOTA,BDG-XZU414,DYNA
TOYOTA,CM35,LITEACE
TOYOTA,CORONA-AT140,CORONA
TOYOTA,LH129 HIACE,HIACE
TOYOTA,SOLUNA VIOS,SOLUNA
TOYOTA,GK-KM70,TOWNACE
TOYOTA,KJ-CM75,LITEACE
TOYOTA,LDF-KDH206V,HIACE
TOYOTA,HILUX ROCCO,HILUX
TOYOTA,DBA-ZRR70G NOAH,NOAH
TOYOTA,COASTER-KC HDB50,COASTER
TOYOTA,B100RA-GQSFJ-W3,WIGO
TOYOTA,DBK-KSP130 VITZ,VITZ
TOYOTA,CBF-TRH200V DX,HIACE
TOYOTA,PRIUS DAA-ZVW41 W,PRIUS
TOYOTA,DAA-NHP10,AQUA
TOYOTA,E-AE100 COROLLA,COROLLA
TOYOTA,UA-NZE121,COROLLA
TOYOTA,PIXIS EPOCH DBA-LA300A,PIXIS
TOYOTA,DAA-NKE165G FIELDER,COROLLA
TOYOTA,ABF-S402M TOWN ACE,TOWNACE
TOYOTA,LH1129V,HIACE
TOYOTA,D4D 350 DYNA,DYNA
TOYOTA,EE107V-COROLLA,COROLLA
TOYOTA,DAA-ZVW80G VOXY,VOXY
TOYOTA,PRIUS ALPHA,PRIUS
TOYOTA,MARINO,SPRINTER
TOYOTA,CORONA AT150,CORONA
TOYOTA,KSP 130-VITZ,VITZ
TOYOTA,HILUX 4WD,HILUX
TOYOTA,ALLION UA-ZZT240,ALLION
TOYOTA,C-HR (DBA-NGX50),CHR
TOYOTA,SPRINTER XL,SPRINTER
TOYOTA,COROLLA KE72V,COROLLA
TOYOTA,DBA-ACA31W RAV4,RAV4
TOYOTA,TC-TRH102V HIACE,HIACE
TOYOTA,HARRIER (JEEP),HARRIER
TOYOTA,F800RE-GQGF-00,RUSH
TOYOTA,HIACE ADF-KDH221K,HIACE
TOYOTA,LH30V,HIACE
TOYOTA,KC-LH125B,HIACE
TOYOTA,TDBA-KSP130 VITZ F,VITZ
TOYOTA,QDF-GDH223B,HIACE
TOYOTA,STARLET E-EP71,STARLET
TOYOTA,DBA-SCP92,BELTA
TOYOTA,DBA-SCP90 VITZ,VITZ
TOYOTA,AXIO HYBRID-WXB,AXIO
TOYOTA,VIOS E AUTO,VIOS
TOYOTA,DYNA 150,DYNA
TOYOTA,KC-BU212,DYNA
TOYOTA,HILUS VIGO 3.0G,HILUX VIGO
TOYOTA,LDF-KDH201V,HIACE
TOYOTA,HILUX HL2 D-4D,HILUX
TOYOTA,LDF-KDH211K,HIACE
TOYOTA,E-EE90,COROLLA
TOYOTA,COROLLA AE81,COROLLA
TOYOTA,QDF-KDH201V HIACE,HIACE
TOYOTA,HIACE KDH222R-LEMDY,HIACE
TOYOTA,DBA-NGX10,CHR
TOYOTA,DAA-NKE165 AXIO,AXIO
TOYOTA,HILUX VIGO 3.0G,HILUX
TOYOTA,UA-NZT240 PREMIO,PREMIO
TOYOTA,PREMIO-EX-NZT260,PREMIO
TOYOTA,LDF-KDY231,DYNA
TOYOTA,PRADO 27TXA,LAND CRUISER
TOYOTA,E-EL41,COROLLA
TOYOTA,KB-CM55,LITEACE
TOYOTA,STRALET,STARLET
TOYOTA,COROLLA 1.6A,COROLLA
TOYOTA,L-KE72V COROLLA,COROLLA
TOYOTA,SOLUNA GLIA,SOLUNA
TOYOTA,HILUX ROCC0 B4,HILUX
TOYOTA,DBA-LA700A,PIXIS
TOYOTA,N-LH61V,HIACE
TOYOTA,EBD - S500U,PIXIS
TOYOTA,QDF-KDY231 DYNA,DYNA
TOYOTA,KK-XZU351D DUMPTRUCK,DYNA
TOYOTA,DBA-NZE141 G,AXIO
TOYOTA,KR-KDH205V SUPER GL,HIACE
TOYOTA,C-HR GT,CHR
TOYOTA,E-EE101,COROLLA
TOYOTA,KD-CE108G,SPRINTER
TOYOTA,HIACE-CLOSED,HIACE
TOYOTA,DYNA FREEZER TRUCK,DYNA
TOYOTA,HIACE LH50V,HIACE
TOYOTA,DBA-NGX10 CHR-GT,CHR
TOYOTA,CR 27-TOWNACE,TOWNACE
TOYOTA,KC-LH103V,HIACE
TOYOTA,AT170 CLOSED,CORONA
TOYOTA,E-EP82/STARLET,STARLET
TOYOTA,HIACE REGIUS,HIACE
TOYOTA,QDF-KDH201V REGIUS,HIACE
TOYOTA,HIACE KR-KDH222B,HIACE
TOYOTA,KH-KZH110G,HIACE
TOYOTA,N-LH61V VAN,HIACE
TOYOTA,LH 50 HIACE,HIACE
TOYOTA,KR-KDH205V HIACE,HIACE
TOYOTA,DAA-NKE165 AXIO HYBRID,AXIO
TOYOTA,HIACE LH222R,HIACE
TOYOTA,KUN26R-PRPSYT A4,HILUX
TOYOTA,CR36V,TOWNACE
TOYOTA,LH113R PRMRS,HIACE
TOYOTA,ADF-KDH201V,HIACE
TOYOTA,KR26 TOWNACE,TOWNACE
TOYOTA,HIACE COMMUTER,HIACE
TOYOTA,B100RA-GQSFJ (SFX-W4),WIGO
TOYOTA,ADF-KDH201V SUPER GL,HIACE
TOYOTA,LA-RZJ120W,LAND CRUISER
TOYOTA,SCR27V,CR27
TOYOTA,LAND CRUISER JEEP,LAND CRUISER
TOYOTA,COROLLA 141,COROLLA
TOYOTA,DGA-NGX50 C-HR,CHR
TOYOTA,DLA-ZVW35 PRIUS,PRIUS
TOYOTA,PRIUS T SPRIT,PRIUS
TOYOTA,SALOON,COROLLA
TOYOTA,LJ-CR52V,LITEACE
TOYOTA,CHA-J210E,RUSH
TOYOTA,KC-LY101 CREWCABTRUC,HIACE
TOYOTA,LDF-KDY281(DYNA),DYNA
TOYOTA,KC-LH113V,HIACE
TOYOTA,TOYO ACE (KC-BU102),TOYOACE
TOYOTA,AE81-COROLLA,COROLLA
TOYOTA,CBA-SCP11,PLATZ
TOYOTA,GUN126R HILUX REVO,HILUX
TOYOTA,DBA-NCP91,VITZ
TOYOTA,CBA-J210E RUSH,RUSH
TOYOTA,DBA-ZRT260,PREMIO
TOYOTA,PRIUS,PRIUS
TOYOTA,VITZ SCP90,VITZ
TOYOTA,HIACE LH110,HIACE
TOYOTA,COROLLA AE101,COROLLA
TOYOTA,RAV4 ZCA26W,RAV4
TOYOTA,CARINA AT212,CARINA
TOYOTA,CORONA ST170,CORONA
